Field_ID,Soil_ID,Field_point,Gauge_mV_before_flood,Gauge_mV_after_1minflood,Density_kg/m3_ND,MassWC_%_ND,Density_kg/m3_PT,MassWC_%_PT
1,1,1,1966.85,2815.9,1998,,,
2,1,2,2061.9,2743.2,2000,,,
3,1,3,2052.6,2807,2000,,,
4,1,4,2077.45,2701.6,1976,,2028.6,6
5,1,5,2038.5,2765.8,1960,,,
6,1,6,2024.95,2767.8,1971,,,
7,1,7,2021.2,2763.35,2008,,,
8,1,8,2067.05,2742.3,1961,,,
9,1,9,2112.05,2756.95,1980,,,
10,1,10,2103.2,2798.2,2020,6.6,,
11,1,11,2147.65,2750.7,2037,6.9,,
12,1,12,2126.3,2771.1,2045,6.8,,
13,1,13,2118.9,2781.7,1977,6.6,,
14,1,14,2060.8,2781.75,1985,6.1,,
15,1,15,2153.9,2730.4,2053,7.3,,
16,1,16,2094.9,2798.5,1991,6,,
17,1,17,2140.9,2780.75,2004,5.7,,
18,1,18,2006.25,2758.65,1994,6.7,,
19,1,19,2148.15,2794.1,2067,6.5,,
20,1,20,2013.65,2800.75,1999,5,,
21,2,1,,,,,,
22,3,1,2255.45,2762.75,1687,7.5,,
23,3,2,2233.15,2795,1600,7.4,1576.1,8.6
24,3,3,2123.65,2781.9,1679,5,,
25,3,4,2212.1,2782.2,1504,7,,
26,3,5,2162.35,2763.05,1612,6,,
27,3,6,2174.8,2788.75,1601,7.1,,
28,3,7,2146.2,2798.6,1660,10.1,,
29,3,8,2187.2,2759.6,1645,9.5,,
30,3,9,2316.7,2750.95,1718,9.3,,
31,3,10,2229.65,2786.25,1711,8.9,,
32,3,11,2202.6,2803.4,1609,8.7,1541.7,8.5
33,3,12,2143.05,2804.35,1616,6.9,,
34,3,13,2193.7,2868,1584,8.9,1604.1,8.3
35,3,14,2128.4,2774.9,1620,8.8,,
36,3,15,2145,2762.65,1594,8.7,,
37,3,16,2151.05,2804.65,1628,9,,
38,4,1,2055,2675.7,2109,5.2,,
39,4,2,1988.55,2932.1,2105,5.3,,
40,4,3,2075.45,2841.8,2219,6.4,,
41,4,4,1977.65,2891.45,2125,6,,
42,4,5,2089.9,2844,2076,5,,
43,4,6,2021.05,2849.05,2147,4.7,,
44,4,7,2052.7,2825.25,2147,5.4,,
45,4,8,2033.6,2712.85,,,2134.2,2.4
46,4,9,2027.65,2758.45,,,2134.2,2.4
47,4,10,2021.05,2758.2,,,2134.2,2.4
48,4,11,2006.7,2833.4,,,2294.5,2.6
49,4,12,2064.4,2751.6,,,2294.5,2.6
50,4,13,1977.6,2777.85,,,2235.5,3.4
51,4,14,2002.65,2869.75,,,2235.5,3.4
52,5,1,2072,2769.8,2126,3.7,,
53,5,2,2072,2769.8,2162,3.7,,
54,5,3,2083.15,2765.55,2141,3.6,,
55,5,4,2083.15,2765.55,2122,3.9,,
56,5,5,2143.85,2631.15,2270,4.3,,
57,5,6,2005.1,2631.95,2167,2.1,,
58,5,7,2105.45,2704.3,2163,4.5,,
59,5,8,2105.45,2704.3,2202,3.7,,
60,5,9,2074,2779.85,2146,3.9,,
61,5,10,2074,2779.85,2167,4.5,,
62,5,11,2070.85,2764.4,2160,4,,
63,5,12,1989.1,2816.5,2117,3.7,,
64,5,13,1989.1,2816.5,2042,3.6,,
65,5,14,1989.1,2816.5,2148,4.1,,
66,6,1,1939.35,2859.95,2133,3.7,,
67,6,2,1977,2693.4,2115,3.5,,
68,6,3,1915.35,2849.65,2096,3.4,,
69,6,4,1924.8,2748.95,2088,3.7,,
70,7,1,1942.8,2869.65,2038,2.2,,
71,7,2,1989.7,2820.9,2071,2.2,,
72,7,3,1945.5,2790.5,1849,2.2,,
73,7,4,2004.75,2731.3,1956,2.4,,
74,7,5,1964.75,2752.95,2047,3.3,1992.5,2.2
75,7,6,1949.3,2817,2010,2.7,,
76,7,7,1976.8,2781.85,2057,2.8,,
77,7,8,1966.2,2824.4,1981,2.7,,
78,7,9,1955.35,2869,1908,2.6,,
79,7,10,1955.75,2769.9,1879,2.4,,
80,7,11,1942.35,2883.15,1926,1.6,,
81,7,12,1950.95,2880.55,2007,2.6,,
82,8,1,1972.05,2905.25,2225,3.8,,
83,8,2,2075.3,2779.15,2225,3.5,,
84,8,3,2160.7,2693.95,2194,4.9,,
85,9,1,2099.9,2749.75,2196.8,5.1,,
86,9,2,2094.2,2802.65,2247,5.5,,
87,9,3,2089.1,2793.85,2206,4.9,,
88,10,1,2014.5,2630.25,1959,3.8,,
89,10,2,2014.5,2630.25,1922,3.8,,
90,10,3,2049.4,2627,2096,2.9,,
91,10,4,2049.4,2627,,3.9,,
92,10,5,2060.1,2587.2,2192,3,,
93,10,6,2060.1,2587.2,2134,3.5,,
94,10,7,2021.45,2616.35,1909,3.5,,
95,10,8,2021.45,2616.35,1868,3,,
96,11,1,2207.75,2748.45,1813,7.9,,
97,11,2,2178.15,2687.6,1806,8.2,,
98,12,1,2011.75,2617.55,,,1899,5.1
99,12,2,1998.6,2693.35,,,1899,5.1
100,12,3,1995.35,2600.75,,,1920.8,5.9
101,12,4,2028.05,2508.7,,,1920.8,5.9
102,12,5,2004.05,26784,,,2039.4,5
103,12,6,1969.3,2361.1,,,2039.4,5
104,12,7,2027.35,2570.3,,,1874.5,4.9
105,12,8,2030.4,2429.95,,,1928.6,5.8
106,12,9,2044.45,2688.85,,,1928.6,5.8
107,12,10,2050.95,2617.55,,,1939.1,5.3
108,12,11,1985.1,2646.65,,,2012.2,4.5
109,12,12,2000.05,2710.25,,,2012.2,4.5
110,12,13,2037.6,2440.5,,,1911.6,5.5
111,12,14,2002.45,2582.3,,,1911.6,5.5
112,12,15,1979,2703.75,,,1932.5,4.5
113,12,16,2004.05,2465.15,,,1932.5,4.5
114,12,17,2043.45,2388.8,,,1863.8,6.6
115,12,18,2036,2532.85,,,1863.8,6.6
116,12,19,2042.35,2777.9,,,1926.5,7
117,12,20,2068.15,2624.3,,,1926.5,7
118,12,21,2102.8,2636.65,,,1920.4,8.3
119,12,22,2075.85,2591.9,,,1920.4,8.3
120,12,23,2105.3,2445.2,,,1920.4,8.3
121,12,24,2092.95,2633.2,,,1892.5,7.1
122,12,25,2041.7,2476.55,,,1892.5,7.1
123,12,26,2036.8,2615.2,,,1892.5,7.1
124,12,27,2083.45,2555.45,,,1780.1,8.3
125,12,28,2087.6,2684.75,,,1780.1,8.3
126,12,29,2150.5,2578.9,,,1827.5,9.7
127,12,30,2139.1,2511.9,,,1827.5,9.7
128,12,31,2206.15,2599.1,,,1984.3,8.2
129,12,32,2206.15,2607.65,,,1984.3,8.2
130,12,33,2094.35,2721.05,,,1984.3,8.2
131,12,34,2076.15,2490.7,,,1846.3,7.5
132,12,35,2095.9,2708.55,,,1846.3,7.5
133,12,36,2122.4,2567.3,,,1939.7,6.8
134,12,37,2085.8,2561.6,,,1939.7,6.8
135,12,38,2121.2,2672,,,1939.7,6.8
136,12,39,2136.8,2611.8,,,1919.6,9
137,12,40,2172.8,2535.05,,,1919.6,9
138,12,41,2133.25,2766.95,,,1925.4,7.2
139,12,42,2220.75,2694.95,,,1925.4,7.2
140,12,43,2091.95,2272.85,,,1908.4,9.4
141,12,44,2119.05,2353.9,,,1908.4,9.4
142,12,45,2083.9,2818.9,,,1908.4,9.4
143,12,46,2178.45,2385.4,,,1879.6,10.6
144,12,47,2184.9,2661.7,,,1879.6,10.6
145,12,48,2186.1,2580.4,,,1879.6,10.6
146,12,49,2100.75,2464.85,,,1890,7.1
147,12,50,2141.25,2522.5,,,1890,7.1
148,12,51,2181.15,2742.15,,,2011.1,7.7
149,12,52,2159.5,2624.5,,,2011.1,7.7
150,12,53,2252.4,2775.7,,,2011.1,7.7
151,12,54,2107.7,2693.05,,,1892.6,8.8
152,12,55,2167.9,2699.6,,,1892.6,8.8
153,12,56,2141.25,2639.8,,,1892.6,8.8
154,12,57,2065.1,2530.35,,,1964.7,7.9
155,12,58,2173.45,2705.95,,,1964.7,7.9
156,12,59,2167.05,2601,,,1964.7,7.9
157,13,1,2162.55,2679.85,,,1842.5,13.7
158,13,2,2172,2696,,,1842.5,13.7
159,13,3,2089,2680.05,,,1815.5,11.8
160,13,4,2119.85,2694,,,1815.5,11.8
161,13,5,2124.05,2755.2,,,1843.6,10.3
162,13,6,2083.8,2617.25,,,1843.6,10.3
163,13,7,2127.4,2785.75,,,1952,11.9
164,13,8,2141.9,2748.2,,,1952,11.9
165,14,1,2046.95,2477.05,,,1861.8,10.3
166,14,2,2090.6,2725.45,,,1861.8,10.3
167,14,3,2117.8,2661.95,,,1900,7.3
168,14,4,2065.9,2583,,,1900,7.3
169,14,5,2064.15,2739.2,,,1923.9,9.5
170,14,6,2095.75,2643.45,,,1923.9,9.5
171,14,7,2067.5,2574.95,,,1923.9,9.5
172,14,8,2094.45,2736,,,1914.6,11.8
173,14,9,2093.05,2620.5,,,1914.6,11.8
174,14,10,2081.65,2760.2,,,1854.8,8.6
175,14,11,2058.55,2778.35,,,1854.8,8.6
176,14,12,2112.55,2664.3,,,1952.1,9.2
177,14,13,2066,2731,,,1952.1,9.2
178,14,14,2117.4,2660.9,,,1952.1,9.2
179,14,15,2109.55,2716.85,,,1843.2,9.7
180,14,16,2125.15,2733.9,,,1843.2,9.7
181,14,17,2120.65,2732.25,,,1843.2,9.7
182,14,18,2088.7,2709.9,,,1897.9,8.3
183,14,19,2091.7,2629.05,,,1897.9,8.3
184,14,20,2110.95,2649.3,,,1897.9,8.3
185,14,21,2107,2649.05,,,1944.9,8.9
186,14,22,2084.4,2718.9,,,1944.9,8.9
187,14,23,2059.05,2718.85,,,1828.3,8
188,14,24,2041.65,2541.8,,,1828.3,8
189,14,25,2082.3,2567.9,,,1828.3,8
190,14,26,2077.75,2644.15,,,1791.1,8
191,14,27,2033,2591.15,,,1791.1,8
192,14,28,2015.65,2677.95,,,1879.9,7.1
193,14,29,2054.1,2651.15,,,1879.9,7.1
194,14,30,2025.7,2728.05,,,1736.8,11
195,14,31,2077.2,2697.95,,,1736.8,11
196,14,32,2025.55,2606.1,,,1736.8,11
197,14,33,2006.1,2647.75,,,1863.6,5.9
198,14,34,2046.2,2657.5,,,1863.6,5.9
199,14,35,2096.8,2621.5,,,1863.6,5.9
200,14,36,2029.55,2566.75,,,1817.2,7.6
201,14,37,2064.4,2550.45,,,1817.2,7.6
202,14,38,2049.75,2690.7,,,1772.2,8.8
203,14,39,2098.05,2589.15,,,1772.2,8.8
204,14,40,2063.55,2566,,,1862.3,7.5
205,14,41,2060.75,2654.3,,,1862.3,7.5
206,14,42,2024.95,2680.8,,,1862.3,7.5
207,14,43,2073.05,2688.85,,,1838.5,8.1
208,14,44,2034.3,2585.3,,,1838.5,8.1
209,14,45,2088.75,2517.1,,,1838.5,8.1
210,14,46,2088.05,2670.8,,,1833.2,8.6
211,14,47,2088.95,2710.75,,,1833.2,8.6
212,14,48,2046.05,2589.95,,,1833.2,8.6
213,14,49,2021.1,2667.45,,,1806,8
214,14,50,2028.1,2611.15,,,1806,8
215,15,1,2068.6,2689.65,1880,5.1,,
216,15,2,1983.45,2791,1880,5.1,,
217,15,3,1972.95,2747.55,1880,5.1,,
218,15,4,2069.1,2823.75,,,,
219,15,5,2028.7,2686.2,1869,4.2,,
220,15,6,2041.8,2686.2,1869,4.2,,
221,15,7,1925.85,2663.35,1869,4.2,,
222,15,8,1942.2,2634.8,,,1939.5,4
223,16,1,1955.65,2792.75,2296,2.2,,
224,16,2,1944.55,2849.25,2202,1.9,,
225,16,3,2009.15,2719.25,2256,1.6,,
226,16,4,1948.85,2794.8,2245,1.8,,
227,16,5,1954.3,2803.8,2256,1.8,,
228,16,6,1946.25,2794.8,2149,2.4,,
229,17,1,2014.35,2884.95,,,1987.9,3.8
230,17,2,1941.75,2843.15,,,1987.9,3.8
231,17,3,1985.65,2816.95,,,1987.9,3.8
232,17,4,2001.65,2780.9,,,2148.2,3.6
233,17,5,1992.65,2786.55,,,2148.2,3.6
234,17,6,1999.95,2840.3,,,1860.8,4.4
235,17,7,1972.65,2856.95,,,1860.8,4.4
236,17,8,1986.85,2795.65,,,1788.3,3.1
237,17,9,1965.6,2837.55,,,1788.3,3.1
238,17,10,1975.75,2825.2,,,1788.3,3.1
239,18,1,2318.85,2616.8,1715,12.2,,
240,18,2,2312.05,2655.15,1700,10.8,1647,17.7
241,18,3,2324.5,2698.85,1635,12.9,1647,17.7
242,18,4,2396.75,2667.55,1771,11,1640,17.9
243,18,5,2323.95,2664.3,1696,11.7,1640,17.9
244,18,6,2395.85,2715.2,1653,13.3,1647,17.7
245,18,7,2298.05,2648.05,1676,11.3,1640,17.9
246,18,8,2281.35,2682,1679,9.5,1695,15.9
247,18,9,2311.95,2674.55,1690,11.3,1695,15.9
248,18,10,2370.25,2681.1,1698,10.7,1695,15.9
249,18,11,2308.75,2758.95,1651,9.3,1695,15.9
250,18,12,2344,2662.1,1667,9.3,1695,15.9
251,18,13,2311.65,2660.85,1706,8.3,1695,15.9
252,18,14,2297.6,2756.5,1653,11,1695,15.8
253,18,15,2296.4,2675,1657,11,1701,15.6
254,18,16,2420.5,2638.7,1694,11.7,1706,15.4
255,18,17,2432.4,2703.3,1645,15,1711,15.2
256,18,18,2411.45,2676.3,1646,12,1715,15.1
257,18,19,2397,2695,1718,11.8,1720,14.9
258,18,20,2478.8,2631.95,1665,13.6,1602,17.6
259,18,21,2468,2654.55,1678,13.4,1602,17.6
260,18,22,2389.35,2648.55,1749,10.1,1545,18.2
261,18,23,2513.2,2692.7,1686,13.7,1545,18.2
262,18,24,2485.15,2708.35,1669,13.6,1545,18.2
263,18,25,2386.2,2638.6,1712,11.6,1545,18.2
264,18,26,2515.75,2693.45,1694,13.7,1545,18.2
265,18,27,2550.85,2687.35,1683,13.2,1651,18.7
266,18,28,2379.8,2722.15,1698,12.1,1531,19.6
267,18,29,2552.1,2700.7,1652,15,1531,19.6
268,18,30,2601.45,2717.25,1694,14.4,1651,18.7
269,18,31,2492.9,2645.45,1682,12.3,1531,19.6
270,18,32,2396.3,2720.65,1649,13.2,1531,19.6
271,18,33,2453.9,2723.35,1706,12.1,,
272,18,34,2425.95,2679.05,1704,11.1,,
273,18,35,2356.05,2678.95,1670,11.8,1564,17.5
274,18,36,2433.1,2725.65,1682,10.9,1564,17.5
275,18,37,2400.5,2646.3,1710,10.7,,
276,18,38,2368.35,2686.1,1734,10.4,,
277,18,39,2245.95,2625.7,1710,9.2,,
278,18,40,2278.9,2657.55,1720,10.6,1723,13.7
279,18,41,2270,2720.5,1690,11.6,1723,13.7
280,18,42,2375.05,2678.95,1704,11.2,,
281,18,43,2257.65,2635.45,1685,9.3,1723,13.7
282,18,44,2228.2,2645.4,1652,9.8,1723,13.7
283,18,45,2483.2,2678.1,1729,11.8,,
284,18,46,2257.4,2667.75,1664,9.1,,
285,18,47,2334.1,2673.85,1644,11.8,,
286,18,48,2633.75,2723.5,1703,11.9,,
287,18,49,2212.95,2680.4,1679,8.7,,
288,18,50,2274.05,2752.75,1692,10,1500,16.8
289,18,51,2347.3,2623.75,1667,9.6,1500,16.8
290,18,52,2294.6,2622,1661,11.1,,
291,18,53,2345.3,2585.15,1716,9.6,1500,16.8
292,18,54,2341.6,2702.45,1683,10.1,1500,16.8
293,18,55,2452.75,2600.55,1624,9.9,,
294,18,56,2435.35,2698.05,1641,10.8,1556,16.2
295,18,57,2421.15,2636.9,1680,11.8,1556,16.2
296,18,58,2549.05,2694.85,1634,9.2,,
297,18,59,2357.2,2722.55,1659,10.7,1556,16.2
298,18,60,2311.95,2711.45,1643,10.7,1556,16.2
299,19,1,2413.5,2468.05,,,1973.4,11.9
300,19,2,2428.9,2561.35,,,1971.6,10.9
301,19,3,2355.3,2420.85,,,2079.1,11
302,19,4,2342.95,2517.4,,,2079.1,11
303,19,5,2326.2,2542.85,,,2005.6,10.5
304,19,6,2424.85,2535.85,,,2005.6,10.5
305,19,7,2389.8,2618.9,,,2005.6,10.5
306,19,8,2355.7,2493.2,,,2079.1,11
307,19,9,2414.95,2506,,,2079.1,11
308,20,1,2051.35,2836.9,2214,3.5,2218,3.5
309,20,2,1983.45,2823.7,2239,3.1,,
310,20,3,1972.95,2747.55,2155,3.2,,
311,20,4,2069.6,2823.75,2223,3.5,,
312,20,5,2028.7,2674.75,2217,3.6,2069.2,3.7
313,20,6,2041.8,2674.75,2108,3.5,,
314,21,1,1977,2798.4,1933,3.5,,
315,21,2,1941.4,2877.8,1933,3.5,,
316,21,3,1952.95,2887.9,1860,3.8,,
317,21,4,1997.8,2799.5,1860,3.8,,
318,21,5,1947.5,2901.7,1928,3.4,,
319,21,6,1962.15,2847.8,1928,3.4,,
320,21,7,2089.85,2649.35,2147,4,,
321,21,8,2094.05,2676.9,2130,4.5,2251.2,3.5
322,21,9,2081.75,2709.85,2135,5.1,2251.2,3.5
323,21,10,2090.55,2691.15,2143,4.6,2351,4.2
324,21,11,2078.4,2650.15,2221,5.7,2251.2,3.5
325,21,12,2064.95,2720.05,2136,4.5,2251.2,3.5
326,21,13,2148.45,2629.85,2217,5,2351,4.2
327,21,14,2103.4,2737.85,2189,4.7,2351,4.2
328,21,15,2033.8,2739.05,2109,3.9,2358,3.6
329,21,16,2145.1,2564.4,2374,5.1,2312.9,3.8
330,21,17,2083.2,2684.05,2180,5.3,2358,3.6
331,21,18,2130.25,2707,2095,5.4,2358,3.6
332,21,19,2068.2,2729.85,2084,4.2,2313,3.8
333,21,20,2094.7,2615.75,2153,4.6,2313,3.8
334,21,21,2068.85,2680.8,2152,4.7,2295.4,2.9
335,21,22,2109.4,2683.95,2130,5,2158.3,2.4
336,21,23,2106.9,2660.7,2215,4.6,2295.4,2.9
337,21,24,2124.5,2691.25,2177,5.1,2295.4,2.9
338,21,25,2119.7,2665.35,2044,5,2138,2.4
339,21,26,2041.7,2684.3,2165,4.2,2219.3,2.5
340,21,27,2088.05,2619.8,2120,5.1,2219.3,2.5
341,21,28,2120.6,2602.95,2177,5.2,2236.7,3.2
342,21,29,2128.9,2652.25,2147,4.8,2219.3,2.5
343,21,30,2074.15,2724.9,2141,4.4,2219.3,2.5
344,21,31,2163.9,2593.7,2161,4.4,2236.7,3.2
345,21,32,2094.55,2675.35,2151,4.6,2236.7,3.2
346,21,33,2115.1,2690.95,2209,5.3,2367,3.1
347,21,34,2103.75,2646.8,2156,4.8,2317,2.4
348,21,35,2104,2668.55,2128,4.2,2317,2.4
349,21,36,2015.4,2773.25,2166,4.7,2367,3.1
350,21,37,2121.2,2521.2,2201,4,2317,2.4
351,21,38,2116.95,2658.55,2143,5.2,2317,2.4
352,21,39,2049.7,2752.3,2133,4,2308,3
353,21,40,2070.4,2686.5,2147,4.7,2267,2
354,21,41,2074.5,2678.35,2133,4.4,2267,2
355,21,42,2075.3,2643.55,2096,4.2,2308,3
356,21,43,2126.55,2571.3,2177,4.4,2266.9,2
357,21,44,2080.1,2665.6,2103,4.6,2266.9,2
358,21,45,2087.9,2622.55,2161,4.6,2265,2.7
359,21,46,2138.25,2607.05,2162,5.1,2267.3,3.5
360,21,47,2063.1,2645.25,2057,4.6,2267.3,3.5
361,21,48,2058.05,2718.45,2172,4.4,2265,2.7
362,21,49,2064.25,2721.85,2142,4.5,2267,3.5
363,21,50,2055.75,2718.7,2113,5,2267,3.5
364,21,51,2067.1,2680.3,2148,4.7,2339,3
365,21,52,2020.25,2763,2128,4.5,2312,2.9
366,21,53,2078.9,2705.65,2158,4.9,2312,2.9
367,21,54,2072,2658.35,2167,4.5,2339,3
368,21,55,2054.75,2711.55,2117,4.7,2312,2.9
369,21,56,2024.6,2703.3,2099,4.9,2312,2.9
370,21,57,2065.8,2794.95,2101,4.5,,
371,22,1,2005.9,2896.6,2045,3.6,,
372,22,2,2028.05,2830.25,2045,3.6,,
373,23,1,1954.3,2797.9,2163,2.6,,
374,23,2,1980.15,2827.5,2163,2.6,,
375,23,3,1977.85,2813.9,2163,2.6,,
376,23,4,1921.8,2843.2,2064,2.6,,
377,23,5,1983.65,2769.65,2064,2.6,,
378,23,6,1991.5,2824.75,2064,2.6,,
379,23,7,1954.85,2781.4,2094,2.5,,
380,23,8,1959.65,2789.15,2094,2.5,,
381,23,9,1986.9,2756.5,2094,2.5,,
382,23,10,1945.85,2808.05,2071,2.2,,
383,23,11,1992.95,2818.6,2071,2.2,,
384,23,12,1955.45,2820.5,2071,2.2,,
385,23,13,1946.65,2824.65,2099,2.7,,
386,23,14,1934.9,2877.8,2099,2.7,,
387,23,15,1953.15,2806.2,2099,2.7,,
388,23,16,1989.7,2726.5,2099,2.7,,
389,23,17,2013.8,2716.85,2099,2.7,,
390,23,18,1982.15,2487.1,2099,2.7,,
391,23,19,2011.85,2490.65,2099,2.7,,
392,23,20,2026.15,2653.9,2099,2.7,,
393,24,1,1975.9,2712.835,2001,4.4,1840.9,3.7
394,24,2,1976.5,2775.15,2001,4.4,1840.9,3.7
395,24,3,2067.9,2748.8,2001,4.4,1840.9,3.7
396,24,4,2041.6,2638.8,2060,4.7,1840.9,3.7
397,24,5,2015.1,2738,2060,4.7,1840.9,3.7
398,24,6,2033.85,2643.65,2060,4.7,1840.9,3.7
399,24,7,2041.2,2140.1,2051,5,2018.46,2.9
400,24,8,2170.8,2646.95,2051,5,2018.46,2.9
401,24,9,2116.7,2123,2051,5,2018.46,2.9
402,24,10,2018.4,2679.75,1993,5,2018.46,2.9
403,24,11,2051.4,2709.75,1993,5,1840.9,3.7
404,24,12,2017.8,2618.15,1993,5,1840.9,3.7
405,24,13,1992.2,2716.9,2004,4.2,1840.9,3.7
406,24,14,1995.45,2705,2004,4.2,1840.9,3.7
407,24,15,1998.6,2705.25,2004,4.2,1840.9,3.7
408,24,16,1977.8,2682.7,1967,4.9,1840.9,3.7
409,24,17,2015.5,2668.55,1967,4.9,1840.9,3.7
410,24,18,2063.8,2756.85,1967,4.9,1840.9,3.7
411,24,19,1982.45,2738.4,2021,4.5,2058,4.3
412,24,20,2031.8,2737.75,2021,4.5,2058,4.3
413,24,21,2001.6,2695.45,2021,4.5,2058,4.3
414,24,22,1989.6,2760.1,1978,4.5,2058,4.3
415,24,23,2015.25,2700.45,1978,4.5,2058,4.3
416,24,24,1957.25,2771.15,1978,4.5,2058,4.3
417,24,25,1983.45,2763.75,1960,4.5,2018.5,2.9
418,24,26,1981.1,2737.25,1960,4.5,2018.5,2.9
419,24,27,1992.45,2355.3,1977,3.9,2018.5,2.9
420,24,28,2001.9,2766.85,1977,3.9,2018.5,2.9
421,24,29,1998.8,2682.3,1999,5.4,2012.1,3.5
422,24,30,2027,2718.9,1999,5.4,2012.1,3.5
423,24,31,1995.55,2678.85,1934,4.5,2012.1,3.5
424,24,32,1988.65,2760.6,1934,4.5,2012.1,3.5
425,24,33,1946.4,2852.25,1861,3.4,2018.5,2.9
426,24,34,1993.95,2757.05,1861,3.4,2018.5,2.9
427,24,35,1994.3,2696.85,2037,4.2,2018.5,2.9
428,24,36,2117.9,2582,2037,4.2,2018.5,2.9
429,24,37,2003.7,2775,2018,4.1,2012.1,3.5
430,24,38,2026.85,2713.6,2018,4.1,2012.1,3.5
431,24,39,1971.7,2698.15,1935,5.3,2012.1,3.5
432,24,40,2011.5,2652.8,1935,5.3,2012.1,3.5
433,24,41,1943,2809.3,1845,3.5,1981.5,2.7
434,24,42,2075.45,2780.55,1845,3.5,1981.5,2.7
435,24,43,1984.25,2750.25,1958,3.9,1981.5,2.7
436,24,44,2024,2614.8,1958,3.9,1981.5,2.7
437,24,45,2025.8,2810.75,1948,4.8,1860.6,3.1
438,24,46,1966.8,2750.5,1942,4.8,1860.6,3.1
439,24,47,1996.85,2683,1942,4.8,1860.6,3.1
440,24,48,1972,2854.4,2025,3.9,1981.5,2.7
441,24,49,2019.15,2735.4,1982,3.8,1981.5,2.7
442,24,50,1977.15,2752.7,1944,5.4,1896.1,2.9
443,24,51,2004.1,2837.2,1949,4.5,1896.1,2.9
444,24,52,1976.75,2740.55,1972,4.3,1896.1,2.9
445,25,1,1920.2,2870.95,2032,1.9,2073,1.9
446,25,2,1939.05,2822.75,2032,1.9,2073,1.9
447,25,3,1928.05,2748.35,2032,1.9,2073,1.9
448,25,4,1955.85,2828.9,2189,2.4,,
449,25,5,1953.95,2801.85,2189,2.4,,
450,25,6,1923.8,2837.9,2115,1.8,2001,1.4
451,25,7,1917.45,2753.9,2115,1.8,2001,1.4
452,25,8,1942.6,2859.35,2050,2,2073,1.9
453,25,9,1941.7,2803.3,2050,2,2073,1.9
454,25,10,1943.65,2764.5,2050,2,2073,1.9
455,26,1,1986.8,2791.85,2210,3.4,2086,1.7
456,26,2,1981.1,2837.05,2210,3.4,2086,1.7
457,26,3,2005.15,2790.9,2210,3.4,2086,1.7
458,26,4,1990.9,2751.8,2231,2.9,2195,1.5
459,26,5,1991.2,2779,2231,2.9,2195,1.5
460,26,6,1961.45,2805.35,2231,2.9,2195,1.5
461,26,7,1996.8,2738.35,2259,3.1,2239,1.5
462,26,8,1997,3754.3,2259,3.1,2239,1.5
463,26,9,1991.15,2740.6,2221,2.6,2139,1.5
464,26,10,1983.15,2768.5,2221,2.6,2139,1.5
465,27,1,1976.1,2864.45,2080,3.3,1974.67,2.48
466,27,2,1963.8,2908.95,2080,3.3,1974.67,2.48
467,27,3,1971.7,2769.95,2080,3.3,1974.67,2.48
468,27,4,2020.9,2790.3,2034,2.9,,
469,27,5,1958.8,2779.2,2034,2.9,,
470,27,6,1950.65,2841.85,2034,2.9,,
471,27,7,1955.4,2849.1,1967,2.4,1943.45,1.71
472,27,8,1918.05,2895.55,1967,2.4,1943.45,1.71
473,27,9,1966,2828.75,1967,2.4,1943.45,1.71
474,27,10,2003.25,2797.05,2118,3.1,1952.3,2.77
475,27,11,1977.1,2865.75,2118,3.1,1952.3,2.77
476,27,12,1990.3,2872.2,2118,3.1,1952.3,2.77
477,27,13,1953.45,2824.35,2003,2.5,1922.98,2.38
478,27,14,1968.15,2851,2003,2.5,1922.98,2.38
479,27,15,1950.15,2892.55,2003,2.5,1922.98,2.38
480,27,16,1950.3,2867.85,2047,2.4,1855.3,1.71
481,27,17,1958.55,2818.65,2047,2.4,1855.3,1.71
482,27,18,1926.8,2907.05,2047,2.4,1855.3,1.71
483,27,19,1995.25,2802,2054,3.1,1972.13,2.35
484,27,20,2001.7,2795.4,2054,3.1,1972.13,2.35
485,27,21,1978.7,2837.25,2054,3.1,1972.13,2.35
486,27,22,1931.2,2802.65,2030,2.2,,
487,27,23,1925.8,2881.2,2030,2.2,,
488,27,24,1949.85,2880.9,2030,2.2,,
489,27,25,2000.65,2832.8,2006,3.3,1935.39,2.4
490,27,26,2003.7,2823.85,2006,3.3,1935.39,2.4
491,27,27,1960.65,2802.35,2006,3.3,1935.39,2.4
492,27,28,1936.35,2831.5,2007,1.8,,
493,27,29,1924.9,2787.1,2007,1.8,,
494,27,30,1957.2,2769.95,2007,1.8,,
495,27,31,1927.7,2822.5,1967,3.7,,
496,27,32,1950.6,2860.25,1967,3.7,,
497,27,33,2060,2835.75,1967,3.7,,
498,27,34,2043.3,2711.3,1989,3.7,,
499,27,35,2020.85,2861.9,1989,3.7,,
500,27,36,2111.4,2832.9,1989,3.7,,
501,27,37,2049.65,2769.3,2040,3.9,,
502,27,38,2208.85,2727.7,2040,3.9,,
503,27,39,2034.35,2775.1,2040,3.9,,
504,27,40,2039,2760.25,2088,3.1,,
505,27,41,2059.4,2765.1,2088,3.1,,
506,27,42,2039.55,2886.8,2088,3.1,,
507,27,43,1938.05,2795.15,1865,3.1,,
508,27,44,2082.7,2776.5,1865,3.1,,
509,27,45,2010.1,2703.5,1865,3.1,,
510,27,46,2049.45,2821.65,2065,3.4,,
511,27,47,2104.25,2695.75,2065,3.4,,
512,27,48,2000.75,2676.9,2065,3.4,,
513,27,49,2093.1,2676.5,2117,4,,
514,27,50,2233,2740,2117,4,,
515,27,51,,2625.55,2117,4,,
516,27,52,2061.2,2708,2079,4.2,,
517,27,53,2077.25,2798.5,2079,4.2,,
518,27,54,,2793.8,2079,4.2,,
519,27,55,1961.65,2613.95,1934,2.9,,
520,27,56,1969.8,2698.35,1934,2.9,,
521,27,57,1949.3,2859.35,1934,2.9,,
522,27,58,2080.65,2669.05,2043,3.7,,
523,27,59,,2705.9,2043,3.7,,
524,27,60,1993.7,2699.1,2043,3.7,,
525,27,61,2066.25,2723.3,2037,3.2,,
526,27,62,1991,2669.55,2037,3.2,,
527,27,63,2031.85,2705.75,2037,3.2,,
528,27,64,2031.1,2761.45,2082,4.1,,
529,27,65,2031.75,2608.6,2082,4.1,,
530,27,66,1984.9,2782.5,2082,4.1,,
531,27,67,1971.75,2624.7,2019,3.1,,
532,27,68,1979.8,2656.5,2019,3.1,,
533,27,69,1991.4,2689.5,2019,3.1,,
534,27,70,2019.3,2715.25,2019,3.2,,
535,27,71,1967.55,2707.6,2019,3.2,,
536,27,72,2018.35,2638.5,2019,3.2,,
537,27,73,2071.3,2657.45,2011,3.2,,
538,27,74,2043,2672.25,2011,3.2,,
539,27,75,2154.45,2711.5,2011,3.2,,
540,27,76,2005.9,2668.95,2044,3.7,,
541,27,77,2070.95,2648.95,2044,3.7,,
542,27,78,1993.7,2776.25,1961,3.8,,
543,27,79,1992.85,2754.05,1961,3.8,,
544,27,80,1972.3,2794.6,1961,3.8,,
545,27,81,2050.55,2864.15,2083,3.6,1942.61,3.84
546,27,82,1941.8,2865.6,2083,3.6,1942.61,3.84
547,27,83,2003.15,2854,2083,3.6,1942.61,3.84
548,27,84,2068.7,2714.95,1974,3.5,,
549,27,85,2034.7,2727.75,1974,3.5,,
550,27,86,1976.95,2795.8,1974,3.5,,
551,27,87,1941.5,2798.5,1973,3.2,2051.82,2.69
552,27,88,1943.25,2842,1973,3.2,2051.82,2.69
553,27,89,1983.25,2796.6,1973,3.2,2051.82,2.69
554,27,90,1944.6,2780.2,1999,2.9,1884.18,2.58
555,27,91,1988.6,2813.75,1999,2.9,1884.18,2.58
556,27,92,1976.1,2718.5,2049,3.4,,
557,27,93,1981.65,2815.3,2049,3.4,,
558,27,94,1989.15,2858.25,2049,3.4,,
559,27,95,1977.05,2890.5,2014,3.4,1681,2.3
560,27,96,1952.75,2799,2014,3.4,1681,2.3
561,27,97,1952.75,2802.5,2014,3.4,1681,2.3
562,27,98,1973.15,2857.6,2085,3.1,1934.81,2.38
563,27,99,1988.25,2809.5,2085,3.1,1934.81,2.38
564,27,100,1911.6,2810.5,2085,3.1,1934.81,2.38
565,27,101,2001.25,2762.95,2116,3.2,,
566,27,102,2036.6,2722.95,2116,3.2,,
567,27,103,2020.6,2855.95,2116,3.2,,
568,27,104,1922.7,2882.75,2003,3.2,1517,2.34
569,27,105,1938,2820.45,2003,3.2,1517,2.34
570,27,106,2003,2894.65,2003,3.2,1517,2.34
571,27,107,1968.3,2802.8,1942,3,1688,2.04
572,27,108,1957.3,2894,1942,3,1688,2.04
573,27,109,2035.9,2807.65,1942,3,1688,2.04
574,27,110,1964.95,2871.35,1944,2.7,,
575,27,111,1942.45,2835.85,1944,2.7,,
576,27,112,1933.75,2854.55,1944,2.7,,
577,27,113,1956,2832,2028,2.6,1911.73,1.87
578,27,114,1986.2,2820.5,2028,2.6,1911.73,1.87
579,27,115,1976.65,2761,2028,2.6,1911.73,1.87
580,27,116,1978.9,2778,1951,2.9,1995.51,1.91
581,27,117,2055.05,2705,1951,2.9,1995.51,1.91
582,27,118,1943.7,2751,1951,2.9,1995.51,1.91
583,27,119,2333,2847.25,2027,3.5,,
584,27,120,1967.7,2812.95,2027,3.5,,
585,27,121,2031,2874.5,2027,3.5,,
586,27,122,1959.9,2862.5,1827,2.4,,
587,27,123,1920.65,2872.35,1827,2.4,,
588,27,124,1934.8,2806,1827,2.4,,
589,27,125,1991.45,2777.5,2027,2.9,2064.23,2.33
590,27,126,1914.1,2853.5,2027,2.9,2064.23,2.33
591,27,127,1956.7,2897,2027,2.9,2064.23,2.33
592,27,128,1959,2840,2109,4.1,2009.48,2.21
593,27,129,1944.8,2818,2109,4.1,2009.48,2.21
594,27,130,1940.5,2886.5,2109,4.1,2009.48,2.21
595,27,131,1974.6,2844,2141,2.9,,
596,27,132,2008.05,2825.65,2141,2.9,,
597,27,133,2049.95,2813.5,2141,2.9,,
598,27,134,1962,2848,2049,2.7,2085.53,2.42
599,27,135,1918.75,2859.5,2049,2.7,2085.53,2.42
600,27,136,1905.95,2872,2049,2.7,2085.53,2.42
601,27,137,2004.6,2758.6,1987,2.5,2088.8,3.13
602,27,138,2014.6,2805.5,1987,2.5,2088.8,3.13
603,27,139,1973.2,2880.5,1987,2.5,2088.8,3.13
604,27,140,2002.25,2737.5,2156,3.2,,
605,27,141,2038.9,2865,2156,3.2,,
606,27,142,2055,2680.25,2156,3.2,,
607,27,143,2027.05,2840.6,1948,2.3,1965.4,2.17
608,27,144,1972,2836.5,1948,2.3,1965.4,2.17
609,27,145,1961.3,2884.5,1948,2.3,1965.4,2.17
610,27,146,1988.85,2880,1995,3.4,1920.42,2.46
611,27,147,1977.15,2849.85,1995,3.4,1920.42,2.46
612,27,148,1979.65,2869.45,1995,3.4,1920.42,2.46
613,27,149,1964.1,2892.5,2004,3.1,,
614,27,150,1971.25,2891,2004,3.1,,
615,27,151,2014.3,2855,2004,3.1,,
616,27,152,2019.25,2778.95,2011,2.4,2181.47,2.09
617,27,153,2072.55,2739.1,2011,2.4,2181.47,2.09
618,27,154,1962,2921.75,2011,2.4,2181.47,2.09
619,27,155,2042.95,2722,2047,2.9,1676,2.71
620,27,156,2004.95,2806,2047,2.9,1676,2.71
621,27,157,2029.05,2752.45,2047,2.9,1676,2.71
622,27,158,1991.35,2720,2029,2.3,,
623,27,159,1932.55,2771.5,2029,2.3,,
624,27,160,1952.85,2872.5,2029,2.3,,
625,27,161,1977.8,2738.5,1973,2.3,1986.61,1.84
626,27,162,1976.7,2769,1973,2.3,1986.61,1.84
627,27,163,1998.7,2765,1973,2.3,1986.61,1.84
628,27,164,2041.15,2813,2112,3.6,,
629,27,165,2017.85,2742.5,2112,3.6,,
630,27,166,1976.7,2736,2112,3.6,,
631,27,167,1955.5,2863.5,1978,2.4,,
632,27,168,1995.75,2856.5,1978,2.4,,
633,27,169,1988.7,2835.5,1978,2.4,,
634,27,170,2030.4,2727.1,2111,3,,
635,27,171,1994.5,2691.65,2111,3,,
636,27,172,2018.7,2815.5,2082,3,,
637,27,173,2024.95,2715.5,2082,3,,
638,27,174,2043.2,2752.15,2082,3,,
639,27,175,1941.7,2906.5,1934,2,,
640,27,176,1952.05,2832.5,1934,2,,
641,27,177,1925.75,2828,1934,2,,
642,27,178,1947.65,2881.4,2064,2.5,1955.64,2.89
643,27,179,1923.9,2823.5,2064,2.5,1955.64,2.89
644,27,180,1986.7,2764.65,2090,3.8,,
645,27,181,1925.65,2832.55,2090,3.8,,
646,27,182,1969.3,2819.3,2090,3.8,,
647,27,183,1977.2,2856.15,2013,2.7,,
648,27,184,2007.25,2725,2013,2.7,,
649,27,185,1986.85,2802.5,2013,2.7,,
650,27,186,1968.05,2819.25,2018,2.7,,
651,27,187,1979.75,2871.7,2018,2.7,,
652,27,188,2023.9,2809.35,2061,2.7,,
653,27,189,1984.9,2743.2,2061,2.7,,
654,27,190,2010.3,2724,2034,3.4,,
655,27,191,2114.45,2776,2034,3.4,,
656,28,1,1985.95,2673.45,2140,2.2,,
657,28,2,2036.1,2797.75,2140,2.2,,
658,28,3,2018.55,2802.85,2140,2.2,,
659,28,4,2057.05,2656.5,2089,3.1,,
660,28,5,1993.6,2819.9,2089,3.1,,
661,28,6,1959.25,2790.1,2089,3.1,,
662,28,7,2053.4,2785.75,2244,2.3,,
663,28,8,1995.1,2837.6,2244,2.3,,
664,28,9,1991.3,2817.6,1951,1.7,,
665,28,10,1989.7,2837.15,1951,1.7,,
666,28,11,1912.3,2895.5,1945,2.1,,
667,28,12,2028.85,2817,2136,2.2,,
668,28,13,2020,2847.55,2136,2.2,,
669,28,14,2064.2,2715.7,2007,3,,
670,28,15,2050.05,2878.25,2007,3,,
671,28,16,1955.5,2875.75,2204,2.7,,
672,28,17,1978.1,2816.8,2204,2.7,,
673,28,18,1977.85,2771.5,1945,2.1,,
674,28,19,1956.35,2829.95,1822,1.9,,
675,28,20,1938.25,2802.45,1822,1.9,,
676,28,21,1965.5,2801.2,1904,2,,
677,28,22,1940.7,2846.9,1904,2,,
678,28,23,1980.35,2777.85,1952,2.1,,
679,28,24,1936.7,2794,1952,2.1,,
680,28,25,1989,2839.4,1944,1.3,,
681,28,26,1954.35,2798.85,1944,1.3,,
682,28,27,1925.3,2875,2038,2.8,,
683,28,28,1981.6,2701.95,2079,2.8,,
684,28,29,2030.15,2797.65,2079,2.8,,
685,28,30,1955.85,2837.45,1996,2.2,,
686,28,31,2044.7,2795.7,1924,1.8,,
687,28,32,2000.85,2680.05,1924,1.8,,
688,28,33,1942.95,2861,2016,2.1,,
689,28,34,1933.85,2843,2016,2.1,,
690,28,35,1961.35,2889.95,2038,2.8,,
691,28,36,2029.3,2928.85,1997,2.5,,
692,28,37,2026.75,2775.6,1997,2.5,,
693,28,38,1994,2864.85,2106,2.9,,
694,28,39,2041.5,2793.65,2106,2.9,,
695,28,40,1997.4,2825.7,2055,2.5,,
696,28,41,2032.5,2817.3,2055,2.5,,
697,28,42,1924.15,2803.85,1831,1.8,,
698,28,43,1906.8,2616.45,1831,1.8,,
699,28,44,1954.85,2829.45,1814,2,,
700,28,45,1946.5,2846.25,1814,2,,
701,28,46,1947.7,2877.85,1820,2,,
702,28,47,1969.5,2880.35,1820,2,,
703,28,48,1945.15,2806.75,2037,2.2,,
704,28,49,1956.1,2891.8,2037,2.2,,
705,28,50,1955.55,2805.95,2076,2,,
706,28,51,1948.75,2781.65,2076,2,,
707,28,52,1958.5,2735,1891,1.7,,
708,28,53,2041.1,2798.7,1891,1.7,,
709,28,54,1923.5,2886.5,2046,2.7,,
710,28,55,1956.35,2858.35,2046,2.7,,
711,28,56,1925.25,2955,2119,2.3,,
712,28,57,1984.7,2906.05,2119,2.3,,
713,28,58,1981.1,2922.75,2186,2.2,,
714,28,59,2002,2824.15,2186,2.2,,
715,28,60,2002,2800.5,2077,2.5,,
716,28,61,2028.35,2788.45,2077,2.5,,
717,28,62,1998.3,2862.1,1945,2,,
718,28,63,1967.9,2829.55,1945,2,,
719,28,64,1980.9,2765.5,1946,2.3,,
720,28,65,1983.6,2861.15,1946,2.3,,
721,28,66,1959.75,2767.65,2083,1.9,,
722,28,67,1999.7,2787,2083,1.9,,
723,28,68,2005.55,2588.3,1988,2.5,,
724,28,69,1933.35,2858.2,1988,2.5,,
725,28,70,2005.7,2774.6,2101,2.8,,
726,28,71,1998.65,2765.95,2101,2.8,,
727,28,72,1924.85,2743.25,2068,2.3,,
728,28,73,1992.65,2832.95,2068,2.3,,
729,28,74,1990.8,2829.65,2128,2.4,,
730,28,75,1986.5,2789.7,2128,2.4,,
731,28,76,2037.55,2739.45,2153,2.2,,
732,28,77,1984.65,2740.05,2153,2.2,,
733,28,78,1990.3,2787.5,2081,2.5,,
734,28,79,2001.75,2748.75,2081,2.5,,
735,28,80,1970.2,2796.3,2017,2.4,,
736,28,81,1954.05,2846.15,2017,2.4,,
737,28,82,1955.05,2667,2072,2.1,,
738,28,83,1942.75,2783.35,2072,2.1,,
739,28,84,1975.05,2855,1910,1.8,,
740,28,85,1948.1,2893.6,1910,1.8,,
741,28,86,1966.45,2786.9,2106,2.1,,
742,28,87,1921.9,2835.35,2106,2.1,,
743,28,88,1986.25,2847.8,2043,2.2,,
744,28,89,1991.15,2859.8,2043,2.2,,
745,28,90,1996.25,2826.95,2046,2.5,,
746,28,91,2006.75,2675.05,2046,2.5,,
747,28,92,1981,2849.65,2023,1.4,,
748,28,93,1948.7,2849.2,2023,1.4,,
749,28,94,1946.75,2860.7,1996,2.2,,
750,28,95,1990.5,2831.4,2064,1.9,,
751,28,96,1941,2783,2064,1.9,,
752,28,97,1960.55,2830.4,2003,2.1,,
753,28,98,1964.2,2869.95,2003,2.1,,
754,28,99,1982.35,2834.15,2026,2.6,,
755,28,100,1949.15,2715.35,2026,2.6,,
756,28,101,2015.1,2734,2001,2.5,,
757,28,102,1991.65,2738.75,2001,2.5,,
758,28,103,1957.1,2797.25,1989,1.7,,
759,28,104,1978.05,2836.15,1989,1.7,,
760,28,105,1975.6,2843.8,2081,2,,
761,28,106,1968.65,2832.1,2081,2,,
762,28,107,1939.95,2783.55,2095,1.8,,
763,28,108,1953.2,2757.5,2095,1.8,,
764,28,109,1954.9,2850.9,2106,2.1,,
765,28,110,1959.75,2779.4,2106,2.1,,
766,29,1,2008.4,2628.65,2272,3.9,,
767,29,2,2082.3,2637.8,2272,3.9,,
768,29,3,2030,2557.1,2284,3.4,,
769,29,4,1991.8,2714.65,2284,3.4,,
770,29,5,2047.05,2591.8,2324,4.9,,
771,29,6,2050.7,2541.75,2324,4.9,,
772,29,7,2082.4,2578.95,2324,4.9,,
773,30,1,2156.8,2672.2,1765,5.5,,
774,30,2,2176.55,2706.2,1765,5.5,,
775,30,3,2144.5,2723.95,1714,6.3,,
776,30,4,2220.15,2675.7,1728,7.4,,
777,30,5,2178.8,2720.4,1735,6.2,,
778,30,6,2122.1,2694.25,1714,6.3,,
779,30,7,2154.65,2718.5,1668,6.6,,
780,30,8,2081.5,2602.3,1668,6.6,,
781,30,9,2197.25,2633.55,1728,7.4,,
782,31,1,1979.55,2814,,,1898.7,3.4
783,31,2,1993.5,2786.5,,,1598.1,3.4
784,31,3,2013,2802,,,1889.9,3.5
785,31,4,2017.5,2817,,,1753.2,3.2
786,31,5,2035,2765.5,,,1889.6,3.4
787,31,6,2026,2720.5,,,1854.8,3.3
788,31,7,2009.5,2767.5,,,1572.3,3.5
789,32,1,2099.25,2790.5,1682,5.3,,
790,32,2,2135.35,2692.6,1682,5.3,,
791,32,3,2127.2,2720.05,1670,5,,
792,32,4,2115.05,2665.6,1670,5,,
793,32,5,2105.7,2730.85,1658,5.1,1461.8,7
794,32,6,2114.05,2734.85,1658,5.1,1461.8,7
795,32,7,2123.9,2684.5,1675,5.3,1635.7,6.9
796,32,8,2114.45,2716.8,1675,5.3,1635.7,6.9
797,32,9,2118.25,2743.35,1718,5.1,,
798,32,10,2124.15,2694.1,1718,5.1,,
799,32,11,2175.05,2698.35,1680,5.6,,
800,32,12,2144.2,2713.05,1680,5.6,,
801,32,13,2115.05,2743.85,1682,5.6,,
802,32,14,2117.4,2702.85,1682,5.6,,
803,32,15,2142.3,2721.1,1680,5.3,,
804,32,16,2083.5,2610,1680,5.3,,
805,32,17,2138.35,2693.35,1678,5.1,,
806,32,18,2125.05,2732.5,1668,5.2,,
807,32,19,2119.65,2716.4,1668,5.2,,
808,33,1,,,,,,
809,34,1,2051.5,2767.5,1717,2.8,1773.9,4.1
810,34,2,2072.5,2767,1717,2.8,1773.9,4.1
811,34,3,2088,2826,1746,2.7,1773.9,4.1
812,34,4,2072.5,2806,1746,2.7,1773.9,4.1
813,34,5,2058.5,2766.5,1816,2.2,1633.9,3.5
814,34,6,2089,2805.5,1816,2.2,1633.9,3.5
815,34,7,2068.55,2838.5,1740,2.3,1633.9,3.5
816,34,8,2064.5,2776,1740,2.3,1633.9,3.5
817,34,9,2104,2803.5,1975,2.5,1773.9,4.1
818,34,10,2090.5,2794,1975,2.5,1773.9,4.1
819,34,11,2068.5,2793.5,1753,2.4,1773.9,4.1
820,34,12,2056.5,2766.5,1753,2.4,1773.9,4.1
821,34,13,2073,2728.3,1742,2.7,1633.9,3.5
822,34,14,2093,2787.5,1742,2.7,1633.9,3.5
823,34,15,2076,2799.5,1693,2.6,1633.9,3.5
824,34,16,2099.5,2840,1693,2.6,1633.9,3.5
825,34,17,2082,2876,1746,2.4,1765.7,4.5
826,34,18,2088.5,2801.5,1746,2.4,1765.7,4.5
827,34,19,2051.5,2737.5,1754,3,1765.7,4.5
828,34,20,2123.5,2797.5,1754,3,1765.7,4.5
829,34,21,2078.5,2799.8,1763,2.6,1732.5,4.6
830,34,22,2077,2798,1763,2.6,1732.5,4.6
831,34,23,2061.5,2859.5,1753,3,1732.5,4.6
832,34,24,2070,2839,1753,3,1732.5,4.6
833,34,25,2086.5,2828.5,1708,2.2,1765.7,4.5
834,34,26,2089.5,2795,1708,2.2,1765.7,4.5
835,34,27,2070.5,2844.5,1756,3.1,1765.7,4.5
836,34,28,2092.5,2804.5,1756,3.1,1765.7,4.5
837,34,29,2047.5,2828,1738,2.6,1732.5,4.6
838,34,30,2100.5,2886.5,1738,2.6,1732.5,4.6
839,34,31,2119,2844,1734,2.7,1732.5,4.6
840,34,32,2086.5,2838.5,1734,2.7,1732.5,4.6
841,34,33,2087,2823.5,1731,3.3,1886.1,4.4
842,34,34,2818.5,2848,1731,3.3,1886.1,4.4
843,34,35,2065,2861,1721,2.7,1673.8,4.6
844,34,36,2122.5,2841.5,1721,2.7,1673.8,4.6
845,34,37,2063,2844.5,1720,2.9,1673.8,4.6
846,34,38,2066,2807.5,1749,2.5,1886.1,4.4
847,34,39,2093,2802,1749,2.5,1886.1,4.4
848,34,40,2079,2833,1720,2.9,1673.8,4.6
849,34,41,2092.5,2831,1684,3.3,1673.8,4.6
850,34,42,2080.5,2838.5,1684,3.3,1673.8,4.6
851,34,43,2100.5,2799,1700,2.5,1886.1,4.4
852,34,44,2104,2853,1736,3.2,1673.8,4.6
853,34,45,2090,2816.5,1736,3.2,1673.8,4.6
854,34,46,2102,2793.5,1677,3.3,1886.1,4.4
855,34,47,2123,2781.5,1677,3.3,1886.1,4.4
856,34,48,2095,2787,1700,2.5,1886.1,4.4
857,34,49,2071,2803.5,1774,2.9,1659.5,4.1
858,34,50,2084.5,2846.5,1774,2.9,1659.5,4.1
859,34,51,2077,2831.5,1676,3.4,1659.5,4.1
860,34,52,2082.5,2774.5,1676,3.4,1659.5,4.1
861,34,53,2073,2811,1710,3.3,1731.5,4.7
862,34,54,2081.5,2811,1710,3.3,1731.5,4.7
863,34,55,2034.5,2736,1703,2.8,1731.5,4.7
864,34,56,2078.5,2812.5,1703,2.8,1731.5,4.7
865,34,57,2075.5,2758,1720,3.2,1659.5,4.1
866,34,58,2084,2795,1720,3.2,1659.5,4.1
867,34,59,2059.5,2877.5,1725,2.6,1659.5,4.1
868,34,60,2073.5,2773.5,1725,2.6,1659.5,4.1
869,34,61,2063.5,2786,1700,2.9,1731.5,4.7
870,34,62,2072.5,2891,1700,2.9,1731.5,4.7
871,34,63,2083.5,2806.5,1724,3.2,1731.5,4.7
872,34,64,2059.5,2770.5,1724,3.2,1731.5,4.7
873,34,65,2067,2833,1721,2.2,1731.7,4.3
874,34,66,2057,2886,1721,2.2,1731.7,4.3
875,34,67,2070,2751.5,1718,2.9,1731.7,4.3
876,34,68,2073,2779.5,1718,2.9,1731.7,4.3
877,34,69,2069.5,2782.5,1719,2.5,1803.4,4.1
878,34,70,1968.5,2773,1719,2.5,1803.4,4.1
879,34,71,2066.5,2739.5,1730,2.8,1803.4,4.1
880,34,72,2066.9,2818,1730,2.8,1803.4,4.1
881,34,73,2098,2787,1679,2.9,1731.7,4.3
882,34,74,2042.15,2822.5,1679,2.9,1731.7,4.3
883,34,75,2067.5,2783.5,1675,2.7,1803.4,4.1
884,34,76,1999,2719.5,1675,2.7,1803.4,4.1
885,34,77,2067.5,2734.5,1683,3.1,1803.4,4.1
886,34,78,2149,2806.5,1683,3.1,1803.4,4.1
887,34,79,2074.5,2803,1665,2.9,1731.7,4.3
888,34,80,2036.5,2748,1665,2.9,1731.7,4.3
889,34,81,2094.5,2818.5,2033,2.5,1753.9,3.9
890,34,82,2075.9,2776,2033,2.5,1753.9,3.9
891,34,83,2078.5,2765,2030,2.1,1753.9,3.9
892,34,84,2056.95,2780,2030,2.1,1753.9,3.9
893,34,85,2065.95,2780,1692,2.7,1670.8,4.1
894,34,86,2034.5,2813,2057,2,1670.8,4.1
895,34,87,2044.2,2840,2057,2,1670.8,4.1
896,34,88,2112.5,2818.5,1692,2.7,1670.8,4.1
897,34,89,2069.5,2813,1764,2.7,1753.9,3.9
898,34,90,2056.95,2780,1764,2.7,1753.9,3.9
899,34,91,2085.95,2879.5,1684,3.3,1753.9,3.9
900,34,92,2202,2778.5,1684,3.3,1753.9,3.9
901,34,93,2076.2,2807,1718,2.9,1753.9,3.9
902,34,94,2079,2794.5,1701,2.6,1670.8,4.1
903,34,95,2059.55,2880,1701,2.6,1670.8,4.1
904,34,96,2089.5,2861,1684,3.3,1670.8,4.1
905,34,97,2057.75,2826.5,1742,2,1680.1,4.2
906,34,98,2050.55,2812.5,1740,3.3,1680.1,4.2
907,34,99,2057.13,2802,1740,3.3,1680.1,4.2
908,34,100,2090.85,2837.5,1784,3.2,1637.9,4.6
909,34,101,2071.35,2848.5,1784,3.2,1637.9,4.6
910,34,102,2060.5,2731.5,1702,2.9,1637.9,4.6
911,34,103,2088.95,2879.5,1702,2.9,1637.9,4.6
912,34,104,2080.7,2853.5,1742,2,1680.1,4.2
913,34,105,2076.7,2850.5,1761,3.1,1680.1,4.2
914,34,106,2065.85,2780,1761,3.1,1680.1,4.2
915,34,107,2063.6,2902,1731,2.8,1637.9,4.6
916,34,108,2062.45,2801,1731,2.8,1637.9,4.6
917,34,109,2135.75,2855.5,1715,2.9,1637.9,4.6
918,34,110,2034.95,2764,1715,2.9,1637.9,4.6
919,34,111,2016.85,2913,1769,2.1,1680.1,4.2
920,34,112,2057.5,2780,1769,2.1,1680.1,4.2
921,34,113,2094.65,2861.5,1751,2.2,1733.7,4.3
922,34,114,2001.05,2818,1751,2.2,1733.7,4.3
923,34,115,2084.55,2813.5,1710,3.2,1733.7,4.3
924,34,116,2041.05,2812.5,1710,3.2,1717.2,4.2
925,34,117,2115.25,2839.5,1756,2.3,1717.2,4.2
926,34,118,2064.65,2823.5,1756,2.3,1717.2,4.2
927,34,119,2040.95,2821.5,1710,3.2,1733.7,4.3
928,34,120,2075.7,2798,1730,2.9,1717.2,4.2
929,34,121,2075.5,2806,1707,2.8,1717.2,4.2
930,34,122,2071.5,2782.5,1707,2.8,1717.2,4.2
931,34,123,2088.5,2779.5,1718,2.9,1733.7,4.3
932,34,124,2132,2777.5,1718,2.9,1733.7,4.3
933,34,125,2050.5,2765,1735,2.8,1733.7,4.3
934,34,126,2081.5,2807.5,1735,2.8,1733.7,4.3
935,34,127,2051.5,2839.5,1732,2.8,1717.2,4.2
936,34,128,2081.5,2807.5,1732,2.8,1717.2,4.2
937,34,129,2041.5,2777.5,1752,2.6,,
938,34,130,2056.5,2733,1752,2.6,,
939,34,131,2074.5,2798.5,1758,2.8,,
940,34,132,2065,2748,1682,3.8,,
941,34,133,2049.5,2780,1682,3.8,,
942,34,134,2002.5,2784.5,1772,2.6,,
943,34,135,2011.5,2698.5,1772,2.6,,
944,34,136,2047.5,2771.5,1758,2.8,,
945,34,137,2096.5,2723,1775,2.8,1695.4,5.5
946,34,138,2149.5,2800.5,1775,2.8,1695.4,5.5
947,34,139,2101.5,2772,1703,3.5,1695.4,5.5
948,34,140,2089.5,2792,1703,3.5,1695.4,5.5
949,34,141,2294.5,2839.5,1803,3.8,1728.2,5.7
950,34,142,2116.5,2798.5,1803,3.8,1728.2,5.7
951,34,143,2225.5,2782,1820,3.8,1728.2,5.7
952,34,144,2113.5,2840.5,1820,3.8,1728.2,5.7
953,34,145,2142,2797,1756,3.7,1695.4,5.5
954,34,146,2121.5,2879.5,1756,3.7,1695.4,5.5
955,34,147,2079,2776.5,1820,3.4,1695.4,5.5
956,34,148,2132,2808,1820,3.4,1695.4,5.5
957,34,149,2083.5,2772.5,1783,4.4,1728.2,5.7
958,34,150,2121.5,2779,1783,4.4,1728.2,5.7
959,34,151,2150.5,2794.5,1734,3.9,1728.2,5.7
960,34,152,2090.5,2789.5,1734,3.9,1728.2,5.7
961,34,153,2084,2753.5,1750,3.9,,
962,34,154,2108.5,2744.5,1750,3.9,,
963,34,155,2057,2760.5,1806,2.7,,
964,34,156,2089.5,2832,1806,2.7,,
965,34,157,2076.05,2803,1812,2.9,,
966,34,158,2125.5,2805,1812,2.9,,
967,34,159,2124.5,2826.5,1775,3.5,,
968,34,160,2083.5,2818.5,1775,3.5,,
969,35,1,2054.2,2615.65,2005,4.9,1955.9,3.3
970,35,2,2033.6,2719.7,2005,4.9,1955.9,3.3
971,35,3,2051.4,2754.8,1935,5.1,1955.9,3.3
972,35,4,2045.55,2751.5,1935,5.1,1955.9,3.3
973,35,5,2059,2743.5,2082,3.8,2071.1,3.5
974,35,6,2050,2794.5,2082,3.8,2071.1,3.5
975,35,7,2062.5,2715.5,2091,3.8,2071.1,3.5
976,35,8,2032.5,2771,2091,3.8,2071.1,3.5
977,35,9,2014.5,2800.5,2010,4.8,1955.9,3.3
978,35,10,2046.55,2708.15,2010,4.8,1955.9,3.3
979,35,11,1998.8,2678.45,2070,3.9,2071.1,3.5
980,35,12,2070.95,2639.35,2070,3.9,2071.1,3.5
981,35,13,2049.7,2787.85,2077,4.1,2071.1,3.5
982,35,14,2044.6,2752.3,2077,4.1,2071.1,3.5
983,35,15,1974,2882.95,2074,3.7,2091.9,2.4
984,35,16,2055.75,2741.5,2074,3.7,2091.9,2.4
985,35,17,2006,2783.7,2123,4.1,2091.9,2.4
986,35,18,2021.65,2829.3,2123,4.1,2091.9,2.4
987,35,19,2027,2711.65,2148,3.4,2009,3.3
988,35,20,2045,2767.9,2148,3.4,2009,3.3
989,35,21,2007.2,2805.05,2059,3.7,2009,3.3
990,35,22,2053.1,2723.05,2059,3.7,2009,3.3
991,35,23,2051.2,2809.25,2084,3.7,2091.9,2.4
992,35,24,2026.9,2849.05,2084,3.7,2091.9,2.4
993,35,25,2035.2,2848.7,2094,4.3,2091.9,2.4
994,35,26,2013.2,2844.45,2094,4.3,2091.9,2.4
995,35,27,2001.45,2819.65,2066,4.8,2009,3.3
996,35,28,2006.05,2800.8,2066,4.8,2009,3.3
997,35,29,2039.6,2772.65,2073,3.9,2009,3.3
998,35,30,2055.75,2795.45,2073,3.9,2009,3.3
999,35,31,2058.85,2735.45,2113,3.9,1953.8,3.8
1000,35,32,1992.55,2871.15,2113,3.9,1953.8,3.8
1001,35,33,1064.55,2808.75,2089,4.9,1992.9,3.3
1002,35,34,2056.95,2595.75,2089,4.9,1992.9,3.3
1003,35,35,2001.5,2841,2100,4,1992.9,3.3
1004,35,36,2071.5,2726,2093,3.6,1953.8,3.8
1005,35,37,2045.5,2786.5,2093,3.6,1953.8,3.8
1006,35,38,2021,2806,2100,4,1992.9,3.3
1007,35,39,2068,2731,2089,4.3,1992.9,3.3
1008,35,40,2837.5,2782.5,2089,4.3,1992.9,3.3
1009,35,41,2063,2802.5,2131,4.6,1992.9,3.3
1010,35,42,2050.5,2739.5,2131,4.6,1992.9,3.3
1011,35,43,2066,2700.5,2178,4.3,1992.9,3.3
1012,35,44,2051,2600.5,2081,4.2,1953.8,3.8
1013,35,45,2066.5,2802,2081,4.2,1953.8,3.8
1014,35,46,2025.5,2734.5,2131,4.6,1953.8,3.8
1015,35,47,2033,2783.5,2022,3.3,1860.5,3.3
1016,35,48,2000.5,2799.5,2022,3.3,1860.5,3.3
1017,35,49,2051.6,2837.5,2054,3.6,1860.5,3.3
1018,35,50,2043.55,2791.6,2054,3.6,1860.5,3.3
1019,35,51,2052.5,2800.1,1995,3.8,1982.2,3.3
1020,35,52,2018.85,2768,1995,3.8,1982.2,3.3
1021,35,53,2039.3,2775.5,2050,3.9,1982.2,3.3
1022,35,54,2061.8,2601.5,2050,3.9,1982.2,3.3
1023,35,55,2049.5,2783.25,2015,2.9,1860.5,3.3
1024,35,56,2054.45,2691,2015,2.9,1860.5,3.3
1025,35,57,2034.55,2639.5,2070,3.3,1860.5,3.3
1026,35,58,2027.8,2706.5,2070,3.3,1860.5,3.3
1027,35,59,2048.75,2713.5,2108,3.2,1982.2,3.3
1028,35,60,2041.5,2756.5,2108,3.2,1982.2,3.3
1029,35,61,201.5,2806.5,2010,3.1,1982.2,3.3
1030,35,62,1960.55,2845,2010,3.1,1982.2,3.3
1031,35,63,2016.65,2746.1,2026,3.7,1840.6,3.2
1032,35,64,2035.65,2780.65,2026,3.7,1840.6,3.2
1033,35,65,2053,2771,2090,3.4,1840.6,3.2
1034,35,66,2084.4,2690.5,2090,3.4,1840.6,3.2
1035,35,67,2078.35,2616.5,2104,3.3,2016.3,3.5
1036,35,68,2031.4,2727.5,2104,3.3,2016.3,3.5
1037,35,69,2005.8,2785.5,2048,3.8,2016.3,3.5
1038,35,70,2025.5,2797.5,2048,3.8,2016.3,3.5
1039,35,71,1984.1,2838,2029,3.5,1840.6,3.2
1040,35,72,2027.1,2816.9,2029,3.5,1840.6,3.2
1041,35,73,1971.05,2809.5,2057,4.2,2016.3,3.5
1042,35,74,2021.25,2850,2057,4.2,2016.3,3.5
1043,35,75,1978.65,2907.5,2045,3.3,2016.3,3.5
1044,35,76,2005.6,2869.5,2045,3.3,2016.3,3.5
1045,35,77,1977,2720.5,2032,3.3,1840.6,3.2
1046,35,78,2036.5,2748,2032,3.3,1840.6,3.2
1047,35,79,2086.5,2716,2026,3.5,1909.1,3.6
1048,35,80,2027.5,2776,2026,3.5,1909.1,3.6
1049,35,81,2053,2761,2031,4.4,1909.1,3.6
1050,35,82,2035,2765.5,2031,4.4,1909.1,3.6
1051,35,83,2058.5,2656.5,2022,3.6,2138,2.7
1052,35,84,1972.5,2836,2022,3.6,2138,2.7
1053,35,85,2018.5,2751,2079,3.1,2138,2.7
1054,35,86,2009,2796,2079,3.1,2138,2.7
1055,35,87,2020.5,2800.5,2005,2.7,1909.1,3.6
1056,35,88,2012.5,2808.5,2005,2.7,1909.1,3.6
1057,35,89,2064.5,2717.5,2082,3.8,1909.1,3.6
1058,35,90,2019.5,2723.5,2082,3.8,1909.1,3.6
1059,35,91,2075,2688.5,2038,3.6,1909.1,3.6
1060,35,92,2003.5,2771,1957,2.9,2138,2.7
1061,35,93,2042.5,2699.5,1957,2.9,2138,2.7
1062,35,94,2034.5,2766.5,2082,38,2138,2.7
1063,35,95,2072,2660,2029,3,1951.2,3.4
1064,35,96,2019.5,2740.5,2048,3.2,1951.2,3.4
1065,35,97,2055.5,2730,2048,3.2,1951.2,3.4
1066,35,98,2040.5,2752,2015,3.3,2026.2,3.7
1067,35,99,2011,2816.5,2015,3.3,2026.2,3.7
1068,35,100,2060.5,2731.5,2088,3.3,2026.2,3.7
1069,35,101,2041,2723,2088,3.3,2026.2,3.7
1070,35,102,2035.5,2700.5,2029,3,1951.2,3.4
1071,35,103,2017.5,2758,2013,3.8,1951.2,3.4
1072,35,104,2027.5,2748.5,2013,3.8,1951.2,3.4
1073,35,105,2000.5,2772.5,2073,3.3,2026.2,3.7
1074,35,106,2039.5,2764.5,2073,3.3,2026.2,3.7
1075,35,107,2014.5,2817.5,2101,3.2,2026.2,3.7
1076,35,108,2037,2842,2101,3.2,2026.2,3.7
1077,35,109,2169.5,2571.5,2079,3.3,1951.2,3.4
1078,35,110,2006.5,2776.5,2079,3.3,1951.2,3.4
1079,35,111,2176.5,2590,2107,4.6,,
1080,35,112,2032.5,2747.5,2107,4.6,,
1081,35,113,2113.5,2688.5,2107,4.4,,
1082,35,114,2111.5,2772,2080,4.6,,
1083,35,115,2179.5,2601,2097,4.5,,
1084,35,116,2109.5,2691,2097,4.5,,
1085,35,117,2015.5,2792,2107,4.4,,
1086,35,118,2074.5,2737,2084,4.6,,
1087,35,119,2113.5,2726.5,2080,5.1,,
1088,35,120,2147.5,2731,2080,5.1,,
1089,35,121,2144.5,2766.5,1969,4.8,,
1090,35,122,2168,2746.5,1969,4.8,,
1091,35,123,2110.5,2746,2080,4.8,,
1092,35,124,2102,2735.5,2080,4.8,,
1093,35,125,2113.5,2781.5,2110,4.1,,
1094,35,126,2052.5,2784.5,2110,4.1,,
1095,35,127,2170.5,2667.5,2083,4.6,,
1096,35,128,2115,2745.5,2114,4.3,,
1097,35,129,2048,2832,2114,4.3,,
1098,35,130,2142,2740,2083,4.8,,
1099,35,131,2152.5,2727,2083,4.8,,
1100,35,132,2144,2815,2083,4.6,,
1101,35,133,2098.5,2705,2059,4.9,,
1102,35,134,2139,2726,2059,4.9,,
1103,35,135,2147,2714,2102,4.1,,
1104,35,136,2072,2760,2102,4.1,,
1105,35,137,2095.5,2691.5,2073,5,,
1106,35,138,2175,2759.5,2073,5,,
1107,35,139,2161.5,2629.5,2090,4.9,,
1108,35,140,2165,2708.5,2090,4.9,,
1109,35,141,2107.5,2734.5,2055,4.4,,
1110,35,142,2099,2727.5,2055,4.4,,
1111,35,143,2054.5,2799.5,2110,4.4,,
1112,35,144,2114.5,2782,2110,4.4,,
1113,35,145,2057.5,2803.5,2104,4.5,,
1114,35,146,2061.5,2818.5,2104,4.5,,
1115,35,147,2121,2722,2094,4.9,,
1116,35,148,2081.5,2658.5,2094,4.9,,
1117,35,149,2101.5,2758,2081,3.6,,
1118,35,150,2133.5,2729.5,2081,3.6,,
1119,35,151,2051.5,2773,2095,3.4,,
1120,35,152,2051.5,2764.5,2095,3.4,,
1121,35,153,2050.5,2829,2140,3.9,,
1122,35,154,2107.5,2675.5,2140,3.9,,
1123,35,155,2095.5,2784,2096,4.5,,
1124,35,156,2142.5,2767.5,2096,4.5,,
1128,,,,,,,,
1129,,,,,,,,
1130,,,,,,,,
1131,,,,,,,,
1132,,,,,,,,
1133,,,,,,,,
1134,,,,,,,,
1135,,,,,,,,
1136,,,,,,,,
1137,,,,,,,,
1138,,,,,,,,
1139,,,,,,,,
1140,,,,,,,,
1141,,,,,,,,
1142,,,,,,,,
1143,,,,,,,,
1144,,,,,,,,
1145,,,,,,,,
1146,,,,,,,,
1147,,,,,,,,
1148,,,,,,,,
1149,,,,,,,,
1150,,,,,,,,
1151,,,,,,,,
1152,,,,,,,,
1153,,,,,,,,
1154,,,,,,,,
1155,,,,,,,,
1156,,,,,,,,
1157,,,,,,,,
1158,,,,,,,,
1159,,,,,,,,
1160,,,,,,,,
1161,,,,,,,,
1162,,,,,,,,
1163,,,,,,,,
1164,,,,,,,,
1165,,,,,,,,
1166,,,,,,,,
1167,,,,,,,,
1168,,,,,,,,
1169,,,,,,,,
1170,,,,,,,,
1171,,,,,,,,
1172,,,,,,,,
1173,,,,,,,,
1174,,,,,,,,
1175,,,,,,,,
1176,,,,,,,,
1177,,,,,,,,
1178,,,,,,,,
1179,,,,,,,,
1180,,,,,,,,
1181,,,,,,,,
1182,,,,,,,,
1183,,,,,,,,
1184,,,,,,,,
1185,,,,,,,,
1186,,,,,,,,
1187,,,,,,,,
1188,,,,,,,,
1189,,,,,,,,
1190,,,,,,,,
1191,,,,,,,,
1192,,,,,,,,
1193,,,,,,,,
1194,,,,,,,,
1195,,,,,,,,
1196,,,,,,,,
1197,,,,,,,,
1198,,,,,,,,
1199,,,,,,,,
1200,,,,,,,,
1201,,,,,,,,
1202,,,,,,,,
1203,,,,,,,,
1204,,,,,,,,
1205,,,,,,,,
1206,,,,,,,,
1207,,,,,,,,
1208,,,,,,,,
1209,,,,,,,,
1210,,,,,,,,
1211,,,,,,,,
1212,,,,,,,,
1213,,,,,,,,
1214,,,,,,,,
1215,,,,,,,,
1216,,,,,,,,
1217,,,,,,,,
1218,,,,,,,,
1219,,,,,,,,
1220,,,,,,,,
1221,,,,,,,,
1222,,,,,,,,
1223,,,,,,,,
1224,,,,,,,,
1225,,,,,,,,
1226,,,,,,,,
1227,,,,,,,,
1228,,,,,,,,
1229,,,,,,,,
1230,,,,,,,,
1231,,,,,,,,
1232,,,,,,,,
1233,,,,,,,,
1234,,,,,,,,
1235,,,,,,,,
1236,,,,,,,,
1237,,,,,,,,
1238,,,,,,,,
1239,,,,,,,,
1240,,,,,,,,
1241,,,,,,,,
1242,,,,,,,,
1243,,,,,,,,
1244,,,,,,,,
1245,,,,,,,,
1246,,,,,,,,
1247,,,,,,,,
1248,,,,,,,,
1249,,,,,,,,
1250,,,,,,,,
1251,,,,,,,,
1252,,,,,,,,
1253,,,,,,,,
1254,,,,,,,,
1255,,,,,,,,
1256,,,,,,,,
1257,,,,,,,,
1258,,,,,,,,
1259,,,,,,,,
1260,,,,,,,,
1261,,,,,,,,
1262,,,,,,,,
1263,,,,,,,,
1264,,,,,,,,
1265,,,,,,,,
1266,,,,,,,,
1267,,,,,,,,
1268,,,,,,,,
1269,,,,,,,,
1270,,,,,,,,
1271,,,,,,,,
1272,,,,,,,,
1273,,,,,,,,
1274,,,,,,,,
1275,,,,,,,,
1276,,,,,,,,
1277,,,,,,,,
1278,,,,,,,,
1279,,,,,,,,
1280,,,,,,,,
1281,,,,,,,,
1282,,,,,,,,
1283,,,,,,,,
1284,,,,,,,,
1285,,,,,,,,
1286,,,,,,,,
1287,,,,,,,,
1288,,,,,,,,
1289,,,,,,,,
1290,,,,,,,,
1291,,,,,,,,
1292,,,,,,,,
1293,,,,,,,,
