Proctor_ID,Soil_ID,Density_kg/m3,Gs,MassWC_%,theta,DegreeSat_%,Probe,IsPVC,Metatype,Site,g1,g2,rmse,d10,cu
1,1,2077.99,2.738,4.62,0.09609999999999999,40.62,2042.75,0,MG112,Université de Sherbrooke,0.29265456489724223,0.8892665519846034,0.01585526498755782,0.3170114047873623,0.08783628723053277
2,1,2073.12,2.738,5.96,0.1235,51.83,2114.2,0,MG112,Université de Sherbrooke,0.29265456489724223,0.8892665519846034,0.01585526498755782,0.3170114047873623,0.08783628723053277
3,1,1953.0,2.738,10.08,0.1968,69.7,2358.7,1,MG112,Université de Sherbrooke,0.29265456489724223,0.8892665519846034,0.01585526498755782,0.3170114047873623,0.08783628723053277
4,1,1953.0,2.738,11.24,0.21960000000000002,78.0,2692.0,1,MG112,Université de Sherbrooke,0.29265456489724223,0.8892665519846034,0.01585526498755782,0.3170114047873623,0.08783628723053277
5,1,2017.0,2.738,7.56,0.1524,58.8,2225.7,1,MG112,Université de Sherbrooke,0.29265456489724223,0.8892665519846034,0.01585526498755782,0.3170114047873623,0.08783628723053277
6,1,2017.0,2.738,10.02,0.2022,78.0,2694.0,1,MG112,Université de Sherbrooke,0.29265456489724223,0.8892665519846034,0.01585526498755782,0.3170114047873623,0.08783628723053277
7,1,2144.12,2.738,7.74,0.16579999999999998,78.16,2361.25,0,MG112,Université de Sherbrooke,0.29265456489724223,0.8892665519846034,0.01585526498755782,0.3170114047873623,0.08783628723053277
8,1,2131.68,2.738,8.8,0.1877,86.59,2484.9,0,MG112,Université de Sherbrooke,0.29265456489724223,0.8892665519846034,0.01585526498755782,0.3170114047873623,0.08783628723053277
9,1,2055.04,2.738,4.62,0.095,38.79,2082.55,0,MG112,Université de Sherbrooke,0.29265456489724223,0.8892665519846034,0.01585526498755782,0.3170114047873623,0.08783628723053277
10,1,2081.17,2.738,6.29,0.131,55.66,2176.8,0,MG112,Université de Sherbrooke,0.29265456489724223,0.8892665519846034,0.01585526498755782,0.3170114047873623,0.08783628723053277
11,1,2130.12,2.738,9.19,0.1959,90.12,2590.65,0,MG112,Université de Sherbrooke,0.29265456489724223,0.8892665519846034,0.01585526498755782,0.3170114047873623,0.08783628723053277
12,1,2144.36,2.738,9.15,0.1963,92.53,2670.4,0,MG112,Université de Sherbrooke,0.29265456489724223,0.8892665519846034,0.01585526498755782,0.3170114047873623,0.08783628723053277
13,2,2080.79,2.772,1.09,0.0227,9.12,1992.05,0,MG112,"345,chemin Fitch Bay,Magog,QC J1X 0Z5",0.44255345690404335,0.8153739801017447,0.006191989689136187,0.1720205778118277,0.07046043567822192
14,2,2081.18,2.772,5.15,0.1072,43.03,2085.5,0,MG112,"345,chemin Fitch Bay,Magog,QC J1X 0Z5",0.44255345690404335,0.8153739801017447,0.006191989689136187,0.1720205778118277,0.07046043567822192
15,2,2067.43,2.772,3.42,0.0707,27.82,2001.1,0,MG112,"345,chemin Fitch Bay,Magog,QC J1X 0Z5",0.44255345690404335,0.8153739801017447,0.006191989689136187,0.1720205778118277,0.07046043567822192
16,2,2071.12,2.772,5.08,0.10529999999999999,41.65,2083.45,0,MG112,"345,chemin Fitch Bay,Magog,QC J1X 0Z5",0.44255345690404335,0.8153739801017447,0.006191989689136187,0.1720205778118277,0.07046043567822192
17,2,2094.41,2.772,6.23,0.1305,53.4,2167.25,0,MG112,"345,chemin Fitch Bay,Magog,QC J1X 0Z5",0.44255345690404335,0.8153739801017447,0.006191989689136187,0.1720205778118277,0.07046043567822192
18,2,2177.69,2.772,7.29,0.1587,74.03,2259.65,0,MG112,"345,chemin Fitch Bay,Magog,QC J1X 0Z5",0.44255345690404335,0.8153739801017447,0.006191989689136187,0.1720205778118277,0.07046043567822192
19,2,2107.65,2.772,7.57,0.1594,66.53,2159.9,0,MG112,"345,chemin Fitch Bay,Magog,QC J1X 0Z5",0.44255345690404335,0.8153739801017447,0.006191989689136187,0.1720205778118277,0.07046043567822192
20,2,2145.1,2.772,7.65,0.1641,72.54,2236.1,0,MG112,"345,chemin Fitch Bay,Magog,QC J1X 0Z5",0.44255345690404335,0.8153739801017447,0.006191989689136187,0.1720205778118277,0.07046043567822192
21,2,2090.49,2.772,7.67,0.1604,65.25,2201.05,0,MG112,"345,chemin Fitch Bay,Magog,QC J1X 0Z5",0.44255345690404335,0.8153739801017447,0.006191989689136187,0.1720205778118277,0.07046043567822192
22,2,1980.76,2.772,9.61,0.19030000000000002,66.66,2268.25,0,MG112,"345,chemin Fitch Bay,Magog,QC J1X 0Z5",0.44255345690404335,0.8153739801017447,0.006191989689136187,0.1720205778118277,0.07046043567822192
23,2,2076.18,2.772,11.11,0.23079999999999998,91.92,2662.3,0,MG112,"345,chemin Fitch Bay,Magog,QC J1X 0Z5",0.44255345690404335,0.8153739801017447,0.006191989689136187,0.1720205778118277,0.07046043567822192
24,3,1601.43,2.711,7.2,0.1152,28.16,2130.4,0,MG112,"Rue St. Gabriel, Mascouche",81.24266700711004,2.7512510455576797,0.0024750599989457637,0.08925253477966337,0.4555872279613556
25,3,1593.28,2.711,8.9,0.1419,34.42,2187.0,0,MG112,"Rue St. Gabriel, Mascouche",81.24266700711004,2.7512510455576797,0.0024750599989457637,0.08925253477966337,0.4555872279613556
26,3,1619.54,2.711,10.45,0.1693,42.05,2256.9,0,MG112,"Rue St. Gabriel, Mascouche",81.24266700711004,2.7512510455576797,0.0024750599989457637,0.08925253477966337,0.4555872279613556
27,3,1627.57,2.711,11.6,0.1889,47.26,2341.9,0,MG112,"Rue St. Gabriel, Mascouche",81.24266700711004,2.7512510455576797,0.0024750599989457637,0.08925253477966337,0.4555872279613556
28,3,1641.33,2.711,13.2,0.21670000000000003,54.93,2432.85,0,MG112,"Rue St. Gabriel, Mascouche",81.24266700711004,2.7512510455576797,0.0024750599989457637,0.08925253477966337,0.4555872279613556
29,3,1624.97,2.711,14.76,0.2399,59.9,2558.05,0,MG112,"Rue St. Gabriel, Mascouche",81.24266700711004,2.7512510455576797,0.0024750599989457637,0.08925253477966337,0.4555872279613556
30,3,1655.3,2.711,17.49,0.2896,74.38,2619.25,0,MG112,"Rue St. Gabriel, Mascouche",81.24266700711004,2.7512510455576797,0.0024750599989457637,0.08925253477966337,0.4555872279613556
31,3,1614.57,2.711,19.23,0.3105,76.38,2649.9,0,MG112,"Rue St. Gabriel, Mascouche",81.24266700711004,2.7512510455576797,0.0024750599989457637,0.08925253477966337,0.4555872279613556
32,3,1615.72,2.711,19.47,0.3146,77.87,2660.5,0,MG112,"Rue St. Gabriel, Mascouche",81.24266700711004,2.7512510455576797,0.0024750599989457637,0.08925253477966337,0.4555872279613556
33,4,2355.86,2.865,2.2,0.0518,29.16,2048.95,0,MG20,Université de Sherbrooke,0.10301601593268606,0.9544003348936819,0.045477933882535924,1.023858834353332,0.10369641694913276
34,4,2400.49,2.865,3.25,0.0781,48.14,2053.4,0,MG20,Université de Sherbrooke,0.10301601593268606,0.9544003348936819,0.045477933882535924,1.023858834353332,0.10369641694913276
35,4,2474.1,2.865,4.32,0.1069,78.3,2206.1,0,MG20,Université de Sherbrooke,0.10301601593268606,0.9544003348936819,0.045477933882535924,1.023858834353332,0.10369641694913276
36,4,1982.9,2.865,7.16,0.1421,46.14,2614.7,0,MG20,Université de Sherbrooke,0.10301601593268606,0.9544003348936819,0.045477933882535924,1.023858834353332,0.10369641694913276
37,4,2413.16,2.865,5.09,0.12279999999999999,77.83,2190.55,0,MG20,Université de Sherbrooke,0.10301601593268606,0.9544003348936819,0.045477933882535924,1.023858834353332,0.10369641694913276
38,4,2231.0,2.865,4.22,0.0942,43.0,2065.75,1,MG20,Université de Sherbrooke,0.10301601593268606,0.9544003348936819,0.045477933882535924,1.023858834353332,0.10369641694913276
39,4,2231.0,2.865,7.61,0.1698,77.0,2738.0,1,MG20,Université de Sherbrooke,0.10301601593268606,0.9544003348936819,0.045477933882535924,1.023858834353332,0.10369641694913276
40,4,1967.43,2.865,7.17,0.141,45.0,2481.2,0,MG20,Université de Sherbrooke,0.10301601593268606,0.9544003348936819,0.045477933882535924,1.023858834353332,0.10369641694913276
41,4,2298.71,2.865,3.65,0.08380000000000001,42.39,2101.45,0,MG20,Université de Sherbrooke,0.10301601593268606,0.9544003348936819,0.045477933882535924,1.023858834353332,0.10369641694913276
42,4,2409.78,2.865,5.0,0.12050000000000001,75.8,2155.4,0,MG20,Université de Sherbrooke,0.10301601593268606,0.9544003348936819,0.045477933882535924,1.023858834353332,0.10369641694913276
43,4,2258.75,2.865,3.02,0.06820000000000001,32.23,1986.55,0,MG20,Université de Sherbrooke,0.10301601593268606,0.9544003348936819,0.045477933882535924,1.023858834353332,0.10369641694913276
44,4,2303.6,2.865,4.88,0.11230000000000001,57.3,2081.45,0,MG20,Université de Sherbrooke,0.10301601593268606,0.9544003348936819,0.045477933882535924,1.023858834353332,0.10369641694913276
45,4,2377.41,2.865,5.68,0.135,79.28,2186.45,0,MG20,Université de Sherbrooke,0.10301601593268606,0.9544003348936819,0.045477933882535924,1.023858834353332,0.10369641694913276
46,5,2188.33,2.723,2.66,0.058300000000000005,29.67,1965.2,0,MG20,Magog,0.10254638682000428,0.9796608119554246,0.03455667523463759,1.0280201519480943,0.10993657551294937
47,5,2299.5,2.723,4.93,0.1133,72.83,2023.8,0,MG20,Magog,0.10254638682000428,0.9796608119554246,0.03455667523463759,1.0280201519480943,0.10993657551294937
48,5,2299.37,2.723,5.61,0.129,82.84,2283.3,0,MG20,Magog,0.10254638682000428,0.9796608119554246,0.03455667523463759,1.0280201519480943,0.10993657551294937
49,5,2118.01,2.723,2.62,0.055400000000000005,21.94,1970.0,0,MG20,Magog,0.10254638682000428,0.9796608119554246,0.03455667523463759,1.0280201519480943,0.10993657551294937
50,5,2190.69,2.723,3.77,0.08259999999999999,42.23,2031.05,0,MG20,Magog,0.10254638682000428,0.9796608119554246,0.03455667523463759,1.0280201519480943,0.10993657551294937
51,5,2166.13,2.723,3.92,0.085,41.54,2129.65,0,MG20,Magog,0.10254638682000428,0.9796608119554246,0.03455667523463759,1.0280201519480943,0.10993657551294937
52,5,2280.06,2.723,5.96,0.1076,63.76,2302.55,0,MG20,Magog,0.10254638682000428,0.9796608119554246,0.03455667523463759,1.0280201519480943,0.10993657551294937
53,5,2305.72,2.723,7.73,0.1358,83.46,2536.85,0,MG20,Magog,0.10254638682000428,0.9796608119554246,0.03455667523463759,1.0280201519480943,0.10993657551294937
54,5,2271.3,2.723,9.49,0.0842,44.84,1991.7,0,MG20,Magog,0.10254638682000428,0.9796608119554246,0.03455667523463759,1.0280201519480943,0.10993657551294937
55,5,2101.84,2.723,2.29,0.1069,56.15,2055.65,0,MG20,Magog,0.10254638682000428,0.9796608119554246,0.03455667523463759,1.0280201519480943,0.10993657551294937
56,5,2211.68,2.723,3.81,0.1383,84.98,2498.5,0,MG20,Magog,0.10254638682000428,0.9796608119554246,0.03455667523463759,1.0280201519480943,0.10993657551294937
57,5,2279.9,2.723,6.07,0.11359999999999999,58.47,2260.8,0,MG20,Magog,0.10254638682000428,0.9796608119554246,0.03455667523463759,1.0280201519480943,0.10993657551294937
58,5,2265.93,2.723,9.81,0.0501,21.91,1967.2,0,MG20,Magog,0.10254638682000428,0.9796608119554246,0.03455667523463759,1.0280201519480943,0.10993657551294937
59,6,1812.06,2.817,5.44,0.0985,27.61,2009.9,0,MG20,Drumondville,0.11454978803408346,1.0392902879256147,0.025164077625657304,0.922691535084992,0.12478341048839738
60,6,2213.93,2.817,7.62,0.1686,78.77,2365.25,0,MG20,Drumondville,0.11454978803408346,1.0392902879256147,0.025164077625657304,0.922691535084992,0.12478341048839738
61,6,1866.88,2.817,9.66,0.18030000000000002,53.47,2580.4,0,MG20,Drumondville,0.11454978803408346,1.0392902879256147,0.025164077625657304,0.922691535084992,0.12478341048839738
62,6,2137.0,2.817,6.23,0.1331,55.0,2135.55,1,MG20,Drumondville,0.11454978803408346,1.0392902879256147,0.025164077625657304,0.922691535084992,0.12478341048839738
63,6,2137.0,2.817,8.78,0.1875,78.0,2732.8,1,MG20,Drumondville,0.11454978803408346,1.0392902879256147,0.025164077625657304,0.922691535084992,0.12478341048839738
64,6,2033.0,2.817,6.33,0.12869999999999998,46.0,2142.45,1,MG20,Drumondville,0.11454978803408346,1.0392902879256147,0.025164077625657304,0.922691535084992,0.12478341048839738
65,6,2033.0,2.817,10.9,0.22160000000000002,80.0,2789.0,1,MG20,Drumondville,0.11454978803408346,1.0392902879256147,0.025164077625657304,0.922691535084992,0.12478341048839738
66,6,2284.26,2.817,6.78,0.1549,81.9,2139.1,0,MG20,Drumondville,0.11454978803408346,1.0392902879256147,0.025164077625657304,0.922691535084992,0.12478341048839738
67,6,2174.98,2.817,3.2,0.0696,30.56,1991.35,0,MG20,Drumondville,0.11454978803408346,1.0392902879256147,0.025164077625657304,0.922691535084992,0.12478341048839738
68,6,2215.42,2.817,4.57,0.1012,47.38,2049.15,0,MG20,Drumondville,0.11454978803408346,1.0392902879256147,0.025164077625657304,0.922691535084992,0.12478341048839738
69,6,2139.15,2.817,6.31,0.1351,56.13,2043.1,0,MG20,Drumondville,0.11454978803408346,1.0392902879256147,0.025164077625657304,0.922691535084992,0.12478341048839738
70,6,2241.63,2.817,7.02,0.1573,77.02,2102.85,0,MG20,Drumondville,0.11454978803408346,1.0392902879256147,0.025164077625657304,0.922691535084992,0.12478341048839738
71,7,1702.36,2.707,1.97,0.0336,9.05,1929.85,0,MG20,Sherbrooke,0.05056932107622534,1.173361399849917,0.034614902496267405,1.8693480761435475,0.1582822283780054
72,7,2062.11,2.707,3.12,0.0644,27.05,2008.95,0,MG20,Sherbrooke,0.05056932107622534,1.173361399849917,0.034614902496267405,1.8693480761435475,0.1582822283780054
73,7,2143.11,2.707,4.16,0.0892,42.81,2027.45,0,MG20,Sherbrooke,0.05056932107622534,1.173361399849917,0.034614902496267405,1.8693480761435475,0.1582822283780054
74,7,2060.4,2.707,4.83,0.09960000000000001,41.69,2038.6,0,MG20,Sherbrooke,0.05056932107622534,1.173361399849917,0.034614902496267405,1.8693480761435475,0.1582822283780054
75,7,2125.24,2.707,3.2,0.068,31.63,2027.9,0,MG20,Sherbrooke,0.05056932107622534,1.173361399849917,0.034614902496267405,1.8693480761435475,0.1582822283780054
76,7,2126.9,2.707,4.6,0.0978,45.65,2058.2,0,MG20,Sherbrooke,0.05056932107622534,1.173361399849917,0.034614902496267405,1.8693480761435475,0.1582822283780054
77,7,2187.66,2.707,5.74,0.12560000000000002,65.47,2138.65,0,MG20,Sherbrooke,0.05056932107622534,1.173361399849917,0.034614902496267405,1.8693480761435475,0.1582822283780054
78,7,2118.07,2.707,6.23,0.132,60.68,2529.2,0,MG20,Sherbrooke,0.05056932107622534,1.173361399849917,0.034614902496267405,1.8693480761435475,0.1582822283780054
79,7,2218.32,2.707,6.61,0.1467,81.28,2573.8,0,MG20,Sherbrooke,0.05056932107622534,1.173361399849917,0.034614902496267405,1.8693480761435475,0.1582822283780054
80,7,2255.3,2.707,4.62,0.1043,62.5,2154.9,0,MG20,Sherbrooke,0.05056932107622534,1.173361399849917,0.034614902496267405,1.8693480761435475,0.1582822283780054
81,7,2096.0,2.707,5.76,0.1207,53.0,2142.1,1,MG20,Sherbrooke,0.05056932107622534,1.173361399849917,0.034614902496267405,1.8693480761435475,0.1582822283780054
82,7,2096.0,2.707,8.21,0.1721,76.0,2732.0,1,MG20,Sherbrooke,0.05056932107622534,1.173361399849917,0.034614902496267405,1.8693480761435475,0.1582822283780054
83,7,2219.92,2.707,5.31,0.1178,65.49,2100.5,0,MG20,Sherbrooke,0.05056932107622534,1.173361399849917,0.034614902496267405,1.8693480761435475,0.1582822283780054
84,7,2080.0,2.707,6.05,0.1257,54.0,2149.0,1,MG20,Sherbrooke,0.05056932107622534,1.173361399849917,0.034614902496267405,1.8693480761435475,0.1582822283780054
85,7,2063.0,2.707,6.57,0.1356,57.0,2090.0,1,MG20,Sherbrooke,0.05056932107622534,1.173361399849917,0.034614902496267405,1.8693480761435475,0.1582822283780054
86,7,2231.35,2.707,5.72,0.1275,72.59,2171.1,0,MG20,Sherbrooke,0.05056932107622534,1.173361399849917,0.034614902496267405,1.8693480761435475,0.1582822283780054
87,7,2080.84,2.707,4.79,0.09970000000000001,43.09,2103.9,0,MG20,Sherbrooke,0.05056932107622534,1.173361399849917,0.034614902496267405,1.8693480761435475,0.1582822283780054
88,7,2149.66,2.707,5.35,0.1151,55.91,2048.8,0,MG20,Sherbrooke,0.05056932107622534,1.173361399849917,0.034614902496267405,1.8693480761435475,0.1582822283780054
89,7,1973.55,2.707,3.15,0.0621,22.94,1974.4,0,MG20,Sherbrooke,0.05056932107622534,1.173361399849917,0.034614902496267405,1.8693480761435475,0.1582822283780054
90,7,1991.31,2.707,4.47,0.0891,33.7,2041.7,0,MG20,Sherbrooke,0.05056932107622534,1.173361399849917,0.034614902496267405,1.8693480761435475,0.1582822283780054
91,7,2038.98,2.707,6.0,0.12240000000000001,49.58,2108.4,0,MG20,Sherbrooke,0.05056932107622534,1.173361399849917,0.034614902496267405,1.8693480761435475,0.1582822283780054
92,7,2110.31,2.707,6.63,0.14,63.5,2237.55,0,MG20,Sherbrooke,0.05056932107622534,1.173361399849917,0.034614902496267405,1.8693480761435475,0.1582822283780054
93,7,1881.87,2.707,7.4,0.1392,45.68,2261.1,0,MG20,Sherbrooke,0.05056932107622534,1.173361399849917,0.034614902496267405,1.8693480761435475,0.1582822283780054
94,7,2092.39,2.707,8.44,0.17670000000000002,77.83,2581.75,0,MG20,Sherbrooke,0.05056932107622534,1.173361399849917,0.034614902496267405,1.8693480761435475,0.1582822283780054
95,8,2321.56,2.826,2.74,0.0637,35.67,2031.25,0,MG20,Sherbrooke,0.21370529736526211,0.724208261479579,0.025230768099333705,0.37661625967284146,0.05045693796568665
96,8,2304.67,2.826,4.28,0.0987,53.51,2030.4,0,MG20,Sherbrooke,0.21370529736526211,0.724208261479579,0.025230768099333705,0.37661625967284146,0.05045693796568665
97,8,2364.3,2.826,4.79,0.1133,69.31,2207.15,0,MG20,Sherbrooke,0.21370529736526211,0.724208261479579,0.025230768099333705,0.37661625967284146,0.05045693796568665
98,8,2341.0,2.826,4.28,0.09570000000000001,46.0,2166.3,1,MG20,Sherbrooke,0.21370529736526211,0.724208261479579,0.025230768099333705,0.37661625967284146,0.05045693796568665
99,8,2341.0,2.826,7.98,0.1783,85.0,2732.0,1,MG20,Sherbrooke,0.21370529736526211,0.724208261479579,0.025230768099333705,0.37661625967284146,0.05045693796568665
100,8,2341.0,2.826,5.16,0.1155,55.0,2141.4,1,MG20,Sherbrooke,0.21370529736526211,0.724208261479579,0.025230768099333705,0.37661625967284146,0.05045693796568665
101,8,2341.0,2.826,7.35,0.1645,79.0,2730.0,1,MG20,Sherbrooke,0.21370529736526211,0.724208261479579,0.025230768099333705,0.37661625967284146,0.05045693796568665
102,8,2364.19,2.826,4.67,0.1106,68.08,2177.6,0,MG20,Sherbrooke,0.21370529736526211,0.724208261479579,0.025230768099333705,0.37661625967284146,0.05045693796568665
103,8,1899.84,2.826,8.92,0.16949999999999998,51.72,2617.45,0,MG20,Sherbrooke,0.21370529736526211,0.724208261479579,0.025230768099333705,0.37661625967284146,0.05045693796568665
104,8,2231.27,2.826,2.81,0.06269999999999999,29.78,2046.35,0,MG20,Sherbrooke,0.21370529736526211,0.724208261479579,0.025230768099333705,0.37661625967284146,0.05045693796568665
105,8,2283.69,2.826,4.16,0.095,49.51,2119.4,0,MG20,Sherbrooke,0.21370529736526211,0.724208261479579,0.025230768099333705,0.37661625967284146,0.05045693796568665
106,8,2316.91,2.826,5.78,0.1338,74.27,2235.4,0,MG20,Sherbrooke,0.21370529736526211,0.724208261479579,0.025230768099333705,0.37661625967284146,0.05045693796568665
107,9,2326.76,2.827,4.31,0.10039999999999999,56.76,2110.15,0,MG20,Université de Sherbrooke,0.17154138222966542,0.8103372779930381,0.031490183066638575,0.5479763840216479,0.06930820578937916
108,9,2301.47,2.827,3.75,0.0864,46.5,2082.25,0,MG20,Université de Sherbrooke,0.17154138222966542,0.8103372779930381,0.031490183066638575,0.5479763840216479,0.06930820578937916
109,9,2364.79,2.827,5.48,0.1295,79.29,2099.4,0,MG20,Université de Sherbrooke,0.17154138222966542,0.8103372779930381,0.031490183066638575,0.5479763840216479,0.06930820578937916
110,9,2254.56,2.827,3.04,0.06860000000000001,33.92,2070.3,0,MG20,Université de Sherbrooke,0.17154138222966542,0.8103372779930381,0.031490183066638575,0.5479763840216479,0.06930820578937916
111,9,2365.15,2.827,6.66,0.1576,96.57,2344.9,0,MG20,Université de Sherbrooke,0.17154138222966542,0.8103372779930381,0.031490183066638575,0.5479763840216479,0.06930820578937916
112,9,2307.08,2.827,4.47,0.1032,56.14,2096.95,0,MG20,Université de Sherbrooke,0.17154138222966542,0.8103372779930381,0.031490183066638575,0.5479763840216479,0.06930820578937916
113,9,2403.26,2.827,4.36,0.1048,69.96,2115.0,0,MG20,Université de Sherbrooke,0.17154138222966542,0.8103372779930381,0.031490183066638575,0.5479763840216479,0.06930820578937916
114,9,2316.7,2.827,5.28,0.1223,67.78,2097.1,0,MG20,Université de Sherbrooke,0.17154138222966542,0.8103372779930381,0.031490183066638575,0.5479763840216479,0.06930820578937916
115,9,2215.58,2.827,3.09,0.06860000000000001,31.72,2037.6,0,MG20,Université de Sherbrooke,0.17154138222966542,0.8103372779930381,0.031490183066638575,0.5479763840216479,0.06930820578937916
116,9,2197.57,2.827,4.56,0.1002,45.04,2015.8,0,MG20,Université de Sherbrooke,0.17154138222966542,0.8103372779930381,0.031490183066638575,0.5479763840216479,0.06930820578937916
117,9,2210.64,2.827,6.56,0.145,66.56,2283.8,0,MG20,Université de Sherbrooke,0.17154138222966542,0.8103372779930381,0.031490183066638575,0.5479763840216479,0.06930820578937916
118,9,2263.16,2.827,7.42,0.1679,84.25,2591.1,0,MG20,Université de Sherbrooke,0.17154138222966542,0.8103372779930381,0.031490183066638575,0.5479763840216479,0.06930820578937916
119,10,2108.56,2.758,3.04,0.064,27.2,2058.7,0,MG112,"345,chemin Fitch Bay,Magog,QC J1X 0Z5",0.5254169379355222,0.5033051087659968,0.027680633299371978,0.041068857374974635,0.013602737692163917
122,10,2099.31,2.758,4.33,0.091,38.11,2086.6,0,MG112,"345,chemin Fitch Bay,Magog,QC J1X 0Z5",0.5254169379355222,0.5033051087659968,0.027680633299371978,0.041068857374974635,0.013602737692163917
123,10,2136.64,2.758,5.86,0.1253,55.62,2150.0,0,MG112,"345,chemin Fitch Bay,Magog,QC J1X 0Z5",0.5254169379355222,0.5033051087659968,0.027680633299371978,0.041068857374974635,0.013602737692163917
124,10,2161.57,2.758,6.31,0.13640000000000002,63.12,2185.75,0,MG112,"345,chemin Fitch Bay,Magog,QC J1X 0Z5",0.5254169379355222,0.5033051087659968,0.027680633299371978,0.041068857374974635,0.013602737692163917
125,10,1878.09,2.758,6.84,0.1285,40.28,2132.55,0,MG112,"345,chemin Fitch Bay,Magog,QC J1X 0Z5",0.5254169379355222,0.5033051087659968,0.027680633299371978,0.041068857374974635,0.013602737692163917
126,10,2142.84,2.758,9.08,0.1945,87.22,2327.0,0,MG112,"345,chemin Fitch Bay,Magog,QC J1X 0Z5",0.5254169379355222,0.5033051087659968,0.027680633299371978,0.041068857374974635,0.013602737692163917
127,10,2099.75,2.758,10.11,0.21230000000000002,89.0,2264.7,0,MG112,"345,chemin Fitch Bay,Magog,QC J1X 0Z5",0.5254169379355222,0.5033051087659968,0.027680633299371978,0.041068857374974635,0.013602737692163917
128,11,1757.63,2.691,3.17,0.0558,16.07,1987.25,0,MG112,Drumondville,1.322132237705099,1.0900676508591258,0.019299625870523553,0.09821444977867244,0.1374863344201296
129,11,1690.38,2.691,5.63,0.09519999999999999,25.59,2065.8,0,MG112,Drumondville,1.322132237705099,1.0900676508591258,0.019299625870523553,0.09821444977867244,0.1374863344201296
130,11,1749.67,2.691,6.92,0.1211,34.6,2116.75,0,MG112,Drumondville,1.322132237705099,1.0900676508591258,0.019299625870523553,0.09821444977867244,0.1374863344201296
131,11,1861.0,2.691,11.38,0.2143,69.5,2549.65,1,MG112,Drumondville,1.322132237705099,1.0900676508591258,0.019299625870523553,0.09821444977867244,0.1374863344201296
132,11,1861.0,2.691,12.74,0.2371,77.0,2637.0,1,MG112,Drumondville,1.322132237705099,1.0900676508591258,0.019299625870523553,0.09821444977867244,0.1374863344201296
133,11,1771.94,2.691,7.86,0.1392,40.77,2203.7,0,MG112,Drumondville,1.322132237705099,1.0900676508591258,0.019299625870523553,0.09821444977867244,0.1374863344201296
134,11,1786.01,2.691,10.0,0.1786,53.1,2222.75,0,MG112,Drumondville,1.322132237705099,1.0900676508591258,0.019299625870523553,0.09821444977867244,0.1374863344201296
135,11,1856.79,2.691,10.35,0.19219999999999998,62.01,2285.25,0,MG112,Drumondville,1.322132237705099,1.0900676508591258,0.019299625870523553,0.09821444977867244,0.1374863344201296
136,11,1826.52,2.691,11.46,0.20940000000000003,65.18,2468.2,0,MG112,Drumondville,1.322132237705099,1.0900676508591258,0.019299625870523553,0.09821444977867244,0.1374863344201296
137,11,1863.8,2.691,11.54,0.2151,69.96,2582.85,0,MG112,Drumondville,1.322132237705099,1.0900676508591258,0.019299625870523553,0.09821444977867244,0.1374863344201296
138,11,1834.34,2.691,13.14,0.24100000000000002,75.69,2651.55,0,MG112,Drumondville,1.322132237705099,1.0900676508591258,0.019299625870523553,0.09821444977867244,0.1374863344201296
139,11,1868.68,2.691,13.33,0.24910000000000002,81.5,2671.55,0,MG112,Drumondville,1.322132237705099,1.0900676508591258,0.019299625870523553,0.09821444977867244,0.1374863344201296
140,11,1851.7,2.691,11.08,0.20510000000000003,65.77,2552.6,0,MG112,Drumondville,1.322132237705099,1.0900676508591258,0.019299625870523553,0.09821444977867244,0.1374863344201296
150,15,1994.06,2.781,2.8,0.0559,19.73,1981.6,0,MG20,Beauce,0.1677292713310857,0.9991726348683828,0.025826136355944055,0.6279163885335227,0.11478014267698154
151,15,2157.67,2.781,4.6,0.0993,44.27,2109.2,0,MG20,Beauce,0.1677292713310857,0.9991726348683828,0.025826136355944055,0.6279163885335227,0.11478014267698154
152,15,2102.0,2.781,6.61,0.136,55.71,2122.0,1,MG20,Beauce,0.1677292713310857,0.9991726348683828,0.025826136355944055,0.6279163885335227,0.11478014267698154
153,15,2102.0,2.781,9.12,0.1918,79.0,2821.0,1,MG20,Beauce,0.1677292713310857,0.9991726348683828,0.025826136355944055,0.6279163885335227,0.11478014267698154
154,15,2199.82,2.781,5.88,0.1294,61.88,2224.6,0,MG20,Beauce,0.1677292713310857,0.9991726348683828,0.025826136355944055,0.6279163885335227,0.11478014267698154
155,15,2206.19,2.781,7.36,0.1625,78.56,2190.95,0,MG20,Beauce,0.1677292713310857,0.9991726348683828,0.025826136355944055,0.6279163885335227,0.11478014267698154
156,15,2136.48,2.781,10.23,0.21850000000000003,94.23,2637.9,0,MG20,Beauce,0.1677292713310857,0.9991726348683828,0.025826136355944055,0.6279163885335227,0.11478014267698154
157,16,2135.0,2.83,2.13,0.045599999999999995,18.56,1954.4,0,MG20,Sherbrooke,0.1285797687480937,0.9056963841892327,0.02863412790470562,0.8026000342648039,0.09179865271448823
158,16,2176.0,2.83,3.51,0.0763,33.02,2017.15,0,MG20,Sherbrooke,0.1285797687480937,0.9056963841892327,0.02863412790470562,0.8026000342648039,0.09179865271448823
159,16,2177.0,2.83,4.38,0.0954,41.34,2071.45,0,MG20,Sherbrooke,0.1285797687480937,0.9056963841892327,0.02863412790470562,0.8026000342648039,0.09179865271448823
160,16,2220.0,2.83,4.9,0.10869999999999999,50.4,2091.55,0,MG20,Sherbrooke,0.1285797687480937,0.9056963841892327,0.02863412790470562,0.8026000342648039,0.09179865271448823
161,16,2290.0,2.83,5.33,0.1219,63.9,2140.25,0,MG20,Sherbrooke,0.1285797687480937,0.9056963841892327,0.02863412790470562,0.8026000342648039,0.09179865271448823
162,16,2281.0,2.83,6.11,0.13949999999999999,71.95,2411.45,0,MG20,Sherbrooke,0.1285797687480937,0.9056963841892327,0.02863412790470562,0.8026000342648039,0.09179865271448823
163,16,2277.0,2.83,6.18,0.1408,72.06,2288.0,0,MG20,Sherbrooke,0.1285797687480937,0.9056963841892327,0.02863412790470562,0.8026000342648039,0.09179865271448823
164,16,2233.0,2.83,4.91,0.1097,52.01,2101.0,0,MG20,Sherbrooke,0.1285797687480937,0.9056963841892327,0.02863412790470562,0.8026000342648039,0.09179865271448823
165,16,2267.0,2.83,5.55,0.1258,63.22,2277.45,0,MG20,Sherbrooke,0.1285797687480937,0.9056963841892327,0.02863412790470562,0.8026000342648039,0.09179865271448823
166,16,2321.0,2.83,6.25,0.145,80.6,2358.75,0,MG20,Sherbrooke,0.1285797687480937,0.9056963841892327,0.02863412790470562,0.8026000342648039,0.09179865271448823
167,17,1982.0,2.7,8.3,0.1654,62.22,2128.05,0,MG112,Beauce,0.217973432660853,0.6591259483796359,0.020829417190080343,0.33188941776805864,0.03757049120934328
168,17,1973.0,2.7,9.8,0.1925,71.56,2203.15,0,MG112,Beauce,0.217973432660853,0.6591259483796359,0.020829417190080343,0.33188941776805864,0.03757049120934328
169,17,1932.0,2.7,9.47,0.1845,64.92,2218.65,1,MG112,Beauce,0.217973432660853,0.6591259483796359,0.020829417190080343,0.33188941776805864,0.03757049120934328
170,17,1932.0,2.7,12.01,0.23199999999999998,82.0,2801.0,1,MG112,Beauce,0.217973432660853,0.6591259483796359,0.020829417190080343,0.33188941776805864,0.03757049120934328
171,17,1922.0,2.7,3.7,0.0716,24.85,1970.5,0,MG112,Beauce,0.217973432660853,0.6591259483796359,0.020829417190080343,0.33188941776805864,0.03757049120934328
172,17,2039.0,2.7,9.2,0.1872,76.45,2550.45,0,MG112,Beauce,0.217973432660853,0.6591259483796359,0.020829417190080343,0.33188941776805864,0.03757049120934328
173,17,1999.0,2.7,3.4,0.067,25.79,1981.95,0,MG112,Beauce,0.217973432660853,0.6591259483796359,0.020829417190080343,0.33188941776805864,0.03757049120934328
174,17,1945.0,2.7,5.2,0.1008,36.06,2052.1,0,MG112,Beauce,0.217973432660853,0.6591259483796359,0.020829417190080343,0.33188941776805864,0.03757049120934328
175,18,1554.0,2.709,12.63,0.19640000000000002,46.05,2270.5,0,MG112,Beauce (St Prosper),14.38562579797897,1.379272475389283,0.005325429899931056,0.02830744123750781,0.20842443455369286
176,18,1687.0,2.709,16.86,0.2845,75.41,2655.65,0,MG112,Beauce (St Prosper),14.38562579797897,1.379272475389283,0.005325429899931056,0.02830744123750781,0.20842443455369286
177,18,1680.0,2.709,17.02,0.28600000000000003,75.31,2655.3,0,MG112,Beauce (St Prosper),14.38562579797897,1.379272475389283,0.005325429899931056,0.02830744123750781,0.20842443455369286
178,18,1623.0,2.709,19.69,0.3194,79.65,2765.4,0,MG112,Beauce (St Prosper),14.38562579797897,1.379272475389283,0.005325429899931056,0.02830744123750781,0.20842443455369286
180,20,2135.0,2.83,2.13,0.045599999999999995,18.56,1954.4,0,MG20,Sherbrooke,0.1285797687480937,0.9056963841892327,0.02863412790470562,0.8026000342648039,0.09179865271448823
181,20,2176.0,2.83,3.51,0.0763,33.02,2017.15,0,MG20,Sherbrooke,0.1285797687480937,0.9056963841892327,0.02863412790470562,0.8026000342648039,0.09179865271448823
182,20,2177.0,2.83,4.38,0.0954,41.34,2071.45,0,MG20,Sherbrooke,0.1285797687480937,0.9056963841892327,0.02863412790470562,0.8026000342648039,0.09179865271448823
183,20,2220.0,2.83,4.9,0.10869999999999999,50.4,2091.55,0,MG20,Sherbrooke,0.1285797687480937,0.9056963841892327,0.02863412790470562,0.8026000342648039,0.09179865271448823
184,20,2290.0,2.83,5.33,0.1219,63.9,2140.25,0,MG20,Sherbrooke,0.1285797687480937,0.9056963841892327,0.02863412790470562,0.8026000342648039,0.09179865271448823
185,20,2281.0,2.83,6.11,0.13949999999999999,71.95,2411.45,0,MG20,Sherbrooke,0.1285797687480937,0.9056963841892327,0.02863412790470562,0.8026000342648039,0.09179865271448823
186,20,2277.0,2.83,6.18,0.1408,72.06,2288.0,0,MG20,Sherbrooke,0.1285797687480937,0.9056963841892327,0.02863412790470562,0.8026000342648039,0.09179865271448823
187,20,2233.0,2.83,4.91,0.1097,52.01,2101.0,0,MG20,Sherbrooke,0.1285797687480937,0.9056963841892327,0.02863412790470562,0.8026000342648039,0.09179865271448823
188,20,2267.0,2.83,5.55,0.1258,63.22,2277.45,0,MG20,Sherbrooke,0.1285797687480937,0.9056963841892327,0.02863412790470562,0.8026000342648039,0.09179865271448823
189,20,2321.0,2.83,6.25,0.145,80.6,2358.75,0,MG20,Sherbrooke,0.1285797687480937,0.9056963841892327,0.02863412790470562,0.8026000342648039,0.09179865271448823
190,21,2179.0,2.781,4.81,0.10490000000000001,48.47,2114.6,0,MG20,Beauce (St Prosper),0.10772067315633517,0.9971155390130219,0.034728714416072316,0.9780273429288754,0.11426868289002749
191,21,2235.0,2.781,5.67,0.1267,64.49,2251.05,0,MG20,Beauce (St Prosper),0.10772067315633517,0.9971155390130219,0.034728714416072316,0.9780273429288754,0.11426868289002749
192,21,2233.0,2.781,6.01,0.1343,68.09,2308.0,0,MG20,Beauce (St Prosper),0.10772067315633517,0.9971155390130219,0.034728714416072316,0.9780273429288754,0.11426868289002749
193,21,2253.13,2.781,6.56,0.1478,77.85,2365.75,0,MG20,Beauce (St Prosper),0.10772067315633517,0.9971155390130219,0.034728714416072316,0.9780273429288754,0.11426868289002749
194,21,2100.93,2.781,5.01,0.10529999999999999,43.08,2078.8,0,MG20,Beauce (St Prosper),0.10772067315633517,0.9971155390130219,0.034728714416072316,0.9780273429288754,0.11426868289002749
195,21,2100.93,2.781,8.97,0.1884,77.03,2872.0,1,MG20,Beauce (St Prosper),0.10772067315633517,0.9971155390130219,0.034728714416072316,0.9780273429288754,0.11426868289002749
196,21,2101.0,2.781,5.01,0.10529999999999999,43.0,2078.8,1,MG20,Beauce (St Prosper),0.10772067315633517,0.9971155390130219,0.034728714416072316,0.9780273429288754,0.11426868289002749
197,21,2101.0,2.781,8.97,0.1884,77.0,2872.0,1,MG20,Beauce (St Prosper),0.10772067315633517,0.9971155390130219,0.034728714416072316,0.9780273429288754,0.11426868289002749
198,21,2149.0,2.781,5.74,0.1234,54.0,2139.5,1,MG20,Beauce (St Prosper),0.10772067315633517,0.9971155390130219,0.034728714416072316,0.9780273429288754,0.11426868289002749
199,21,2149.0,2.781,8.48,0.1822,80.0,2728.0,1,MG20,Beauce (St Prosper),0.10772067315633517,0.9971155390130219,0.034728714416072316,0.9780273429288754,0.11426868289002749
200,21,2081.0,2.781,5.75,0.1198,48.0,2135.1,1,MG20,Beauce (St Prosper),0.10772067315633517,0.9971155390130219,0.034728714416072316,0.9780273429288754,0.11426868289002749
201,21,2081.0,2.781,10.27,0.2138,85.0,2869.0,1,MG20,Beauce (St Prosper),0.10772067315633517,0.9971155390130219,0.034728714416072316,0.9780273429288754,0.11426868289002749
202,21,2149.34,2.781,5.74,0.1234,54.33,2119.3,0,MG20,Beauce (St Prosper),0.10772067315633517,0.9971155390130219,0.034728714416072316,0.9780273429288754,0.11426868289002749
203,21,2149.34,2.781,8.48,0.1822,80.2,2728.0,1,MG20,Beauce (St Prosper),0.10772067315633517,0.9971155390130219,0.034728714416072316,0.9780273429288754,0.11426868289002749
204,22,2184.0,2.784,4.58,0.1,46.42,2056.05,0,MG112,Beauce,0.09161567447095578,0.8209600268793383,0.026827259885949563,1.1856259553549862,0.07174377650490192
205,22,2243.0,2.784,6.93,0.1519,78.17,2286.9,1,MG112,Beauce,0.09161567447095578,0.8209600268793383,0.026827259885949563,1.1856259553549862,0.07174377650490192
206,22,2243.0,2.784,7.86,0.17620000000000002,91.0,2824.0,1,MG112,Beauce,0.09161567447095578,0.8209600268793383,0.026827259885949563,1.1856259553549862,0.07174377650490192
207,22,2258.0,2.784,6.37,0.1439,76.14,2196.0,0,MG112,Beauce,0.09161567447095578,0.8209600268793383,0.026827259885949563,1.1856259553549862,0.07174377650490192
208,22,2270.0,2.784,7.5,0.1703,93.22,2325.7,0,MG112,Beauce,0.09161567447095578,0.8209600268793383,0.026827259885949563,1.1856259553549862,0.07174377650490192
209,23,2184.19,2.836,2.86,0.0625,30.0,2184.2,0,MG20,Sherbrooke,0.04176270002424597,1.295890926664324,0.03827908530582173,2.042329844236454,0.18842031407039359
210,23,2255.19,2.836,3.61,0.0815,45.0,2255.2,0,MG20,Sherbrooke,0.04176270002424597,1.295890926664324,0.03827908530582173,2.042329844236454,0.18842031407039359
211,23,2238.99,2.836,4.59,0.1028,54.0,2239.0,0,MG20,Sherbrooke,0.04176270002424597,1.295890926664324,0.03827908530582173,2.042329844236454,0.18842031407039359
212,23,2242.13,2.836,6.35,0.1424,76.0,2242.1,0,MG20,Sherbrooke,0.04176270002424597,1.295890926664324,0.03827908530582173,2.042329844236454,0.18842031407039359
213,23,2269.61,2.836,6.99,0.1587,89.0,2269.6,0,MG20,Sherbrooke,0.04176270002424597,1.295890926664324,0.03827908530582173,2.042329844236454,0.18842031407039359
214,23,2169.95,2.836,2.31,0.0501,23.0,2169.9,0,MG20,Sherbrooke,0.04176270002424597,1.295890926664324,0.03827908530582173,2.042329844236454,0.18842031407039359
215,23,2232.76,2.836,3.07,0.06860000000000001,36.0,2232.8,0,MG20,Sherbrooke,0.04176270002424597,1.295890926664324,0.03827908530582173,2.042329844236454,0.18842031407039359
216,23,2260.07,2.836,4.4,0.0994,55.0,2260.1,0,MG20,Sherbrooke,0.04176270002424597,1.295890926664324,0.03827908530582173,2.042329844236454,0.18842031407039359
217,23,2251.51,2.836,6.04,0.136,74.0,2387.6,0,MG20,Sherbrooke,0.04176270002424597,1.295890926664324,0.03827908530582173,2.042329844236454,0.18842031407039359
218,23,2283.74,2.836,7.26,0.16579999999999998,96.0,2537.55,0,MG20,Sherbrooke,0.04176270002424597,1.295890926664324,0.03827908530582173,2.042329844236454,0.18842031407039359
219,24,2120.7,2.82,2.41,0.051,21.0,2014.9,0,MG20,Drumondville,0.04524353072424565,1.3669072518968215,0.027553128414731055,1.85600069059304,0.20548860854026255
220,24,2203.44,2.82,5.72,0.1261,58.0,2074.75,1,MG20,Drumondville,0.04524353072424565,1.3669072518968215,0.027553128414731055,1.85600069059304,0.20548860854026255
221,24,2203.44,2.82,8.31,0.1832,84.0,2788.0,1,MG20,Drumondville,0.04524353072424565,1.3669072518968215,0.027553128414731055,1.85600069059304,0.20548860854026255
222,24,2160.7,2.82,3.33,0.07200000000000001,31.0,2051.475,0,MG20,Drumondville,0.04524353072424565,1.3669072518968215,0.027553128414731055,1.85600069059304,0.20548860854026255
223,24,2263.0,2.82,4.87,0.1101,56.0,2134.2,0,MG20,Drumondville,0.04524353072424565,1.3669072518968215,0.027553128414731055,1.85600069059304,0.20548860854026255
224,24,2310.1,2.82,5.98,0.13820000000000002,76.0,2195.5,0,MG20,Drumondville,0.04524353072424565,1.3669072518968215,0.027553128414731055,1.85600069059304,0.20548860854026255
225,24,2278.1,2.82,6.93,0.1578,82.0,2278.1,0,MG20,Drumondville,0.04524353072424565,1.3669072518968215,0.027553128414731055,1.85600069059304,0.20548860854026255
226,25,2176.2,2.846,2.45,0.053200000000000004,23.0,2055.15,0,MG20,Sherbrooke,0.05918552157226754,1.243501303612654,0.029936964278905333,1.590073081523236,0.1756258026436152
227,25,2224.9,2.846,3.54,0.0788,36.0,2102.05,0,MG20,Sherbrooke,0.05918552157226754,1.243501303612654,0.029936964278905333,1.590073081523236,0.1756258026436152
228,25,2282.0,2.846,5.18,0.1183,60.0,2355.65,0,MG20,Sherbrooke,0.05918552157226754,1.243501303612654,0.029936964278905333,1.590073081523236,0.1756258026436152
229,25,2315.6,2.846,6.64,0.15380000000000002,82.0,2636.25,0,MG20,Sherbrooke,0.05918552157226754,1.243501303612654,0.029936964278905333,1.590073081523236,0.1756258026436152
230,25,2245.3,2.846,7.26,0.1631,77.0,2621.15,0,MG20,Sherbrooke,0.05918552157226754,1.243501303612654,0.029936964278905333,1.590073081523236,0.1756258026436152
231,26,2224.6,2.781,2.76,0.0613,31.0,2035.0,0,MG20,Sherbrooke,0.17144290469971796,0.8961665735527686,0.01788483706751027,0.5808445282790027,0.0894967237542527
232,26,2258.2,2.781,4.08,0.09210000000000002,49.0,2210.15,0,MG20,Sherbrooke,0.17144290469971796,0.8961665735527686,0.01788483706751027,0.5808445282790027,0.0894967237542527
233,26,2260.0,2.781,5.04,0.11380000000000001,61.0,2278.2,0,MG20,Sherbrooke,0.17144290469971796,0.8961665735527686,0.01788483706751027,0.5808445282790027,0.0894967237542527
234,26,2206.9,2.781,4.48,0.0989,48.0,2106.55,0,MG20,Sherbrooke,0.17144290469971796,0.8961665735527686,0.01788483706751027,0.5808445282790027,0.0894967237542527
235,26,2273.4,2.781,8.02,0.11410000000000001,62.0,2211.6,0,MG20,Sherbrooke,0.17144290469971796,0.8961665735527686,0.01788483706751027,0.5808445282790027,0.0894967237542527
236,26,2213.0,2.781,5.26,0.1165,57.0,2260.2,0,MG20,Sherbrooke,0.17144290469971796,0.8961665735527686,0.01788483706751027,0.5808445282790027,0.0894967237542527
237,26,2292.3,2.781,4.73,0.1084,62.0,2121.65,0,MG20,Sherbrooke,0.17144290469971796,0.8961665735527686,0.01788483706751027,0.5808445282790027,0.0894967237542527
238,26,2276.5,2.781,5.25,0.1195,66.0,2187.4,0,MG20,Sherbrooke,0.17144290469971796,0.8961665735527686,0.01788483706751027,0.5808445282790027,0.0894967237542527
239,27,2088.9,2.745,3.92,0.0818,34.0,2016.2,0,MG20,Granby,0.15169787179796712,0.9194553424103987,0.017299409352594143,0.6727150063114887,0.09513858383555993
240,27,2116.0,2.745,3.45,0.0729,32.0,2003.85,1,MG20,Granby,0.15169787179796712,0.9194553424103987,0.017299409352594143,0.6727150063114887,0.09513858383555993
241,27,2116.0,2.745,7.62,0.1612,70.0,2837.0,1,MG20,Granby,0.15169787179796712,0.9194553424103987,0.017299409352594143,0.6727150063114887,0.09513858383555993
242,27,2168.1,2.745,4.23,0.0916,44.0,2062.0,0,MG20,Granby,0.15169787179796712,0.9194553424103987,0.017299409352594143,0.6727150063114887,0.09513858383555993
243,27,2229.1,2.745,5.28,0.1177,63.0,2109.8,0,MG20,Granby,0.15169787179796712,0.9194553424103987,0.017299409352594143,0.6727150063114887,0.09513858383555993
244,27,2259.5,2.745,5.69,0.1285,73.0,2325.6,0,MG20,Granby,0.15169787179796712,0.9194553424103987,0.017299409352594143,0.6727150063114887,0.09513858383555993
245,27,2242.9,2.745,5.44,0.12210000000000001,67.0,2109.9,0,MG20,Granby,0.15169787179796712,0.9194553424103987,0.017299409352594143,0.6727150063114887,0.09513858383555993
246,27,2309.4,2.745,6.64,0.1534,97.0,2547.4,0,MG20,Granby,0.15169787179796712,0.9194553424103987,0.017299409352594143,0.6727150063114887,0.09513858383555993
247,28,2220.7,2.763,1.94,0.0431,22.0,1990.4,0,MG112,Granby,0.12866618040134542,0.6776039464136208,0.040785513129161094,0.7445973126267611,0.04108755030473816
248,28,2330.5,2.763,3.56,0.0791,53.0,2046.1,0,MG112,Granby,0.12866618040134542,0.6776039464136208,0.040785513129161094,0.7445973126267611,0.04108755030473816
249,28,2327.7,2.763,4.21,0.0934,62.0,2085.35,0,MG112,Granby,0.12866618040134542,0.6776039464136208,0.040785513129161094,0.7445973126267611,0.04108755030473816
250,28,2315.1,2.763,5.48,0.1216,78.0,2036.75,0,MG112,Granby,0.12866618040134542,0.6776039464136208,0.040785513129161094,0.7445973126267611,0.04108755030473816
251,28,2243.53,2.763,5.76,0.1292,69.0,2178.15,1,MG112,Granby,0.12866618040134542,0.6776039464136208,0.040785513129161094,0.7445973126267611,0.04108755030473816
252,28,2243.53,2.763,7.45,0.1671,89.0,2646.0,1,MG112,Granby,0.12866618040134542,0.6776039464136208,0.040785513129161094,0.7445973126267611,0.04108755030473816
253,28,2260.05,2.763,6.11,0.1381,76.0,2063.85,1,MG112,Granby,0.12866618040134542,0.6776039464136208,0.040785513129161094,0.7445973126267611,0.04108755030473816
254,28,2260.05,2.763,7.72,0.17440000000000003,96.0,2683.0,1,MG112,Granby,0.12866618040134542,0.6776039464136208,0.040785513129161094,0.7445973126267611,0.04108755030473816
255,28,2234.25,2.763,5.56,0.1243,65.0,2010.8,1,MG112,Granby,0.12866618040134542,0.6776039464136208,0.040785513129161094,0.7445973126267611,0.04108755030473816
256,28,2234.25,2.763,7.87,0.17579999999999998,92.0,2707.0,1,MG112,Granby,0.12866618040134542,0.6776039464136208,0.040785513129161094,0.7445973126267611,0.04108755030473816
257,28,2125.38,2.763,5.13,0.1091,47.0,2061.0,1,MG112,Granby,0.12866618040134542,0.6776039464136208,0.040785513129161094,0.7445973126267611,0.04108755030473816
258,28,2125.38,2.763,9.94,0.2113,92.0,2712.0,1,MG112,Granby,0.12866618040134542,0.6776039464136208,0.040785513129161094,0.7445973126267611,0.04108755030473816
259,28,2060.99,2.763,4.44,0.09150000000000001,36.0,1981.5,1,MG112,Granby,0.12866618040134542,0.6776039464136208,0.040785513129161094,0.7445973126267611,0.04108755030473816
260,28,2060.99,2.763,11.12,0.22920000000000001,90.0,2833.0,1,MG112,Granby,0.12866618040134542,0.6776039464136208,0.040785513129161094,0.7445973126267611,0.04108755030473816
261,28,2261.3,2.763,6.55,0.14550000000000002,82.0,2078.75,0,MG112,Granby,0.12866618040134542,0.6776039464136208,0.040785513129161094,0.7445973126267611,0.04108755030473816
262,28,2064.0,2.763,10.03,0.20690000000000003,82.0,2569.0,1,MG112,Granby,0.12866618040134542,0.6776039464136208,0.040785513129161094,0.7445973126267611,0.04108755030473816
263,28,2028.0,2.763,5.02,0.1017,38.0,2059.0,1,MG112,Granby,0.12866618040134542,0.6776039464136208,0.040785513129161094,0.7445973126267611,0.04108755030473816
264,28,2183.1,2.763,3.14,0.0698,33.0,1954.0,0,MG112,Granby,0.12866618040134542,0.6776039464136208,0.040785513129161094,0.7445973126267611,0.04108755030473816
265,28,2290.3,2.763,4.65,0.1032,62.0,2037.95,0,MG112,Granby,0.12866618040134542,0.6776039464136208,0.040785513129161094,0.7445973126267611,0.04108755030473816
266,29,2241.9,2.788,4.66,0.10460000000000001,53.0,2075.8,0,MG112,Sherbrooke,0.00209614935257592,1.6292036972991097,0.024787661372869224,11.071979321578219,0.2651103400428081
267,29,2277.7,2.788,5.44,0.12390000000000001,68.0,2118.95,0,MG112,Sherbrooke,0.00209614935257592,1.6292036972991097,0.024787661372869224,11.071979321578219,0.2651103400428081
268,29,2263.6,2.788,5.95,0.13470000000000001,72.0,2175.7,0,MG112,Sherbrooke,0.00209614935257592,1.6292036972991097,0.024787661372869224,11.071979321578219,0.2651103400428081
269,29,2280.9,2.788,7.24,0.16510000000000002,91.0,2281.35,0,MG112,Sherbrooke,0.00209614935257592,1.6292036972991097,0.024787661372869224,11.071979321578219,0.2651103400428081
270,29,2285.2,2.788,4.12,0.0942,52.0,2004.2,0,MG112,Sherbrooke,0.00209614935257592,1.6292036972991097,0.024787661372869224,11.071979321578219,0.2651103400428081
271,29,2248.7,2.788,6.18,0.1391,72.0,2145.75,0,MG112,Sherbrooke,0.00209614935257592,1.6292036972991097,0.024787661372869224,11.071979321578219,0.2651103400428081
272,30,1802.8,2.707,5.29,0.0954,29.0,2054.2,0,MG112,Victoriaville,1.3143417140887688,0.8843885074463107,0.016444526430749513,0.05763565898530059,0.08666576311368752
273,30,1840.0,2.707,7.71,0.1419,44.0,2168.25,0,MG112,Victoriaville,1.3143417140887688,0.8843885074463107,0.016444526430749513,0.05763565898530059,0.08666576311368752
274,30,1864.8,2.707,9.77,0.1822,59.0,2271.65,0,MG112,Victoriaville,1.3143417140887688,0.8843885074463107,0.016444526430749513,0.05763565898530059,0.08666576311368752
275,30,1841.9,2.707,12.93,0.23809999999999998,75.0,2496.7,0,MG112,Victoriaville,1.3143417140887688,0.8843885074463107,0.016444526430749513,0.05763565898530059,0.08666576311368752
276,30,1861.6,2.707,13.28,0.2472,79.0,2532.8,0,MG112,Victoriaville,1.3143417140887688,0.8843885074463107,0.016444526430749513,0.05763565898530059,0.08666576311368752
277,30,1933.2,2.707,10.53,0.20350000000000001,71.0,2554.95,0,MG112,Victoriaville,1.3143417140887688,0.8843885074463107,0.016444526430749513,0.05763565898530059,0.08666576311368752
278,30,1947.2,2.707,12.67,0.24670000000000003,88.0,2609.9,0,MG112,Victoriaville,1.3143417140887688,0.8843885074463107,0.016444526430749513,0.05763565898530059,0.08666576311368752
279,31,2198.5,2.707,5.25,0.1155,61.0,2032.8,0,MG112,Sherbrooke,0.34415441372446787,0.8635385277695324,0.010118142534350661,0.25391437922118565,0.08169624383475707
280,31,2210.8,2.707,6.67,0.1474,80.0,2314.45,0,MG112,Sherbrooke,0.34415441372446787,0.8635385277695324,0.010118142534350661,0.25391437922118565,0.08169624383475707
281,31,2174.0,2.707,8.76,0.1905,97.0,2634.2,0,MG112,Sherbrooke,0.34415441372446787,0.8635385277695324,0.010118142534350661,0.25391437922118565,0.08169624383475707
282,32,1672.9,2.677,7.02,0.11750000000000001,31.0,2079.5,0,MG112,Drumondville,19.83003809130034,2.1858529986833313,0.005438523123978668,0.09107066003459775,0.3717550062449112
283,32,1660.5,2.677,9.26,0.1537,40.0,2201.0,0,MG112,Drumondville,19.83003809130034,2.1858529986833313,0.005438523123978668,0.09107066003459775,0.3717550062449112
284,32,1689.3,2.677,12.11,0.2046,55.0,2380.0,0,MG112,Drumondville,19.83003809130034,2.1858529986833313,0.005438523123978668,0.09107066003459775,0.3717550062449112
285,32,1703.0,2.677,17.04,0.2901,80.0,2603.5,0,MG112,Drumondville,19.83003809130034,2.1858529986833313,0.005438523123978668,0.09107066003459775,0.3717550062449112
286,32,1728.0,2.677,14.03,0.24239999999999998,68.0,2554.0,1,MG112,Drumondville,19.83003809130034,2.1858529986833313,0.005438523123978668,0.09107066003459775,0.3717550062449112
287,32,1706.0,2.677,14.73,0.25129999999999997,69.0,2571.0,1,MG112,Drumondville,19.83003809130034,2.1858529986833313,0.005438523123978668,0.09107066003459775,0.3717550062449112
288,32,1702.6,2.677,13.07,0.2224,61.0,2506.0,0,MG112,Drumondville,19.83003809130034,2.1858529986833313,0.005438523123978668,0.09107066003459775,0.3717550062449112
289,32,1740.8,2.677,14.04,0.2445,70.0,2587.5,0,MG112,Drumondville,19.83003809130034,2.1858529986833313,0.005438523123978668,0.09107066003459775,0.3717550062449112
290,32,1715.8,2.677,15.07,0.2586,72.0,2587.5,0,MG112,Drumondville,19.83003809130034,2.1858529986833313,0.005438523123978668,0.09107066003459775,0.3717550062449112
291,32,1687.2,2.677,15.24,0.2572,70.0,2657.5,0,MG112,Drumondville,19.83003809130034,2.1858529986833313,0.005438523123978668,0.09107066003459775,0.3717550062449112
292,33,2150.4,2.76,3.31,0.0712,32.0,2008.15,0,MG20,Montréal,0.05632438965883727,1.1657502316397967,0.024668892325741647,1.7112370605030123,0.15638866010211439
293,33,2128.5,2.76,4.16,0.0885,39.0,2044.25,0,MG20,Montréal,0.05632438965883727,1.1657502316397967,0.024668892325741647,1.7112370605030123,0.15638866010211439
294,33,2170.5,2.76,5.33,0.11560000000000001,54.0,2066.05,0,MG20,Montréal,0.05632438965883727,1.1657502316397967,0.024668892325741647,1.7112370605030123,0.15638866010211439
295,33,2184.6,2.76,5.97,0.1304,63.0,2231.45,0,MG20,Montréal,0.05632438965883727,1.1657502316397967,0.024668892325741647,1.7112370605030123,0.15638866010211439
296,33,2080.1,2.76,8.17,0.1699,69.0,2435.5,0,MG20,Montréal,0.05632438965883727,1.1657502316397967,0.024668892325741647,1.7112370605030123,0.15638866010211439
297,33,2064.0,2.76,9.01,0.1859,74.0,2619.0,0,MG20,Montréal,0.05632438965883727,1.1657502316397967,0.024668892325741647,1.7112370605030123,0.15638866010211439
298,34,1706.5,2.729,3.42,0.058300000000000005,16.0,2015.0,0,MG112,La Tuque,0.6851880228393512,0.4164889643300729,0.07691791632588169,0.01115965709978885,0.005553734612196871
299,34,1704.6,2.729,6.82,0.11630000000000001,31.0,2092.5,0,MG112,La Tuque,0.6851880228393512,0.4164889643300729,0.07691791632588169,0.01115965709978885,0.005553734612196871
300,34,1725.4,2.729,7.75,0.1336,36.0,2179.0,0,MG112,La Tuque,0.6851880228393512,0.4164889643300729,0.07691791632588169,0.01115965709978885,0.005553734612196871
301,34,1704.0,2.729,18.68,0.31829999999999997,85.0,2594.0,1,MG112,La Tuque,0.6851880228393512,0.4164889643300729,0.07691791632588169,0.01115965709978885,0.005553734612196871
302,34,1788.0,2.729,14.51,0.2593,75.0,2546.0,1,MG112,La Tuque,0.6851880228393512,0.4164889643300729,0.07691791632588169,0.01115965709978885,0.005553734612196871
303,34,1847.0,2.729,13.02,0.24050000000000002,74.0,2619.0,1,MG112,La Tuque,0.6851880228393512,0.4164889643300729,0.07691791632588169,0.01115965709978885,0.005553734612196871
304,34,1847.0,2.729,16.72,0.30870000000000003,95.0,2849.0,1,MG112,La Tuque,0.6851880228393512,0.4164889643300729,0.07691791632588169,0.01115965709978885,0.005553734612196871
305,34,1788.0,2.729,13.38,0.2393,69.0,2548.5,1,MG112,La Tuque,0.6851880228393512,0.4164889643300729,0.07691791632588169,0.01115965709978885,0.005553734612196871
306,34,1788.0,2.729,15.46,0.27640000000000003,80.0,2809.0,1,MG112,La Tuque,0.6851880228393512,0.4164889643300729,0.07691791632588169,0.01115965709978885,0.005553734612196871
307,34,1776.0,2.729,12.73,0.226,65.0,2520.0,1,MG112,La Tuque,0.6851880228393512,0.4164889643300729,0.07691791632588169,0.01115965709978885,0.005553734612196871
308,34,1776.0,2.729,17.85,0.317,91.0,2816.0,1,MG112,La Tuque,0.6851880228393512,0.4164889643300729,0.07691791632588169,0.01115965709978885,0.005553734612196871
309,34,1744.8,2.729,10.87,0.18969999999999998,53.0,2379.0,0,MG112,La Tuque,0.6851880228393512,0.4164889643300729,0.07691791632588169,0.01115965709978885,0.005553734612196871
310,34,1830.6,2.729,13.26,0.2427,74.0,2504.0,0,MG112,La Tuque,0.6851880228393512,0.4164889643300729,0.07691791632588169,0.01115965709978885,0.005553734612196871
311,34,1792.9,2.729,13.4,0.2403,70.0,2584.0,0,MG112,La Tuque,0.6851880228393512,0.4164889643300729,0.07691791632588169,0.01115965709978885,0.005553734612196871
312,35,2091.6,2.668,3.78,0.079,37.0,2029.5,0,MG112,La Tuque,0.3319135149593619,0.5020704622261133,0.04032794812672343,0.1017222872528757,0.013459741064220532
313,35,2141.1,2.668,5.08,0.10869999999999999,55.0,2171.0,0,MG112,La Tuque,0.3319135149593619,0.5020704622261133,0.04032794812672343,0.1017222872528757,0.013459741064220532
314,35,2165.6,2.668,6.22,0.1348,72.0,2164.5,0,MG112,La Tuque,0.3319135149593619,0.5020704622261133,0.04032794812672343,0.1017222872528757,0.013459741064220532
315,35,2140.0,2.668,7.6,0.1625,82.0,2555.0,0,MG112,La Tuque,0.3319135149593619,0.5020704622261133,0.04032794812672343,0.1017222872528757,0.013459741064220532
316,35,2086.4,2.668,8.42,0.17579999999999998,81.0,2399.0,0,MG112,La Tuque,0.3319135149593619,0.5020704622261133,0.04032794812672343,0.1017222872528757,0.013459741064220532
